Timestamp,Descripcion,Cantidad,CostoUnitario,PrecioUnitario,TotalVenta,Ganancia
2025-07-29 23:36:13,20250729233613,Cable Yoyos V8 3M,1,3500.00,18000.00,18000.00,14500.00,local.txt,Regular
2025-07-29 23:36:13,20250729233613,Cable Apple Iphone 4,1,3500.00,15000.00,15000.00,11500.00,local.txt,Regular
2025-07-29 23:43:53,20250729234353,Cargador Belkin V8,1,7000.00,20000.00,20000.00,13000.00,local.txt,Regular
2025-07-29 23:43:53,20250729234353,Cargador We Tc,1,8500.00,35000.00,35000.00,26500.00,local.txt,Regular
2025-07-29 23:43:53,20250729234353,Cargador Smart Watch Pinza,1,6500.00,20000.00,20000.00,13500.00,local.txt,Regular
2025-07-29 23:50:53,20250729235053,Consola Game Sitck,1,40000.00,100000.00,100000.00,60000.00,local.txt,Regular
2025-07-29 23:50:53,20250729235053,Forro Antichoque Xiaomi Poco X3 Caballero,1,3500.00,15000.00,15000.00,11500.00,local.txt,Regular
2025-07-29 23:50:53,20250729235053,Manos Libres Samsung Akg,1,3300.00,15000.00,15000.00,11700.00,local.txt,Regular
2025-07-29 23:50:53,20250729235053,Pacha Xiaomi Redmi 10C,1,35000.00,100000.00,100000.00,65000.00,local.txt,Regular
2025-07-29 23:50:53,20250729235053,Pad Mouse Logos,1,8000.00,20000.00,20000.00,12000.00,local.txt,Regular
2025-07-29 00:02:49,20250730000249,Cable Lan 1M Cat 6,2,2000.00,10000.00,20000.00,16000.00,local.txt,Regular
2025-07-29 00:02:49,20250730000249,Antena Tdt 1.5M,1,4000.00,15000.00,15000.00,11000.00,local.txt,Regular
2025-07-29 00:02:49,20250730000249,Parlante Teatro Tg-100,1,190000.00,350000.00,350000.00,160000.00,local.txt,Regular
2025-07-29 00:02:49,20250730000249,Pilas Carbon Maxday Aa x2,1,600.00,4000.00,4000.00,3400.00,local.txt,Regular
2025-07-29 00:02:49,20250730000249,Pilas Carbon Maxday Aaa X2,1,600.00,4000.00,4000.00,3400.00,local.txt,Regular
2025-07-29 00:02:49,20250730000249,Pilas Carbon Maxday Aaa X2,2,600.00,4000.00,8000.00,6800.00,local.txt,Regular
2025-07-29 00:02:49,20250730000249,Simcard Claro,1,1200.00,5000.00,5000.00,3800.00,local.txt,Regular
2025-07-29 00:02:49,20250730000249,Simcard Movistar,1,0.00,5000.00,5000.00,5000.00,local.txt,Regular
2025-07-29 00:02:49,20250730000249,Simcard Tigo,1,0.00,5000.00,5000.00,5000.00,local.txt,Regular
2025-07-30 14:24:48,20250730142448,Cable Optico 3M,1,7000.00,20000.00,20000.00,13000.00,local.txt,Regular
2025-07-30 14:25:53,20250730142553,Cable Belkin V8,1,2500.00,15000.00,15000.00,12500.00,local.txt,Regular
2025-07-30 14:28:48,20250730142848,Vidrio Full Pega Infinix Hot 50 Pro Plus,1,7000.00,30000.00,30000.00,23000.00,local.txt,Regular
2025-07-30 14:53:02,20250730145302,Cable Apple Tc Ligthning,1,5500.00,20000.00,20000.00,14500.00,local.txt,Regular
2025-07-30 20:37:39,20250730203739,Vidrio Blindado Samsung A16 / A26 / A56,1,1600.00,20000.00,20000.00,18400.00,local.txt,Regular
2025-07-30 20:37:39,20250730203739,Forro Space Samsung A56,1,3500.00,20000.00,20000.00,16500.00,local.txt,Regular
2025-07-30 20:37:39,20250730203739,Vidrio Tortuga Xiaomi Redmi 12,1,1100.00,15000.00,15000.00,13900.00,local.txt,Regular
2025-07-30 20:37:39,20250730203739,Vidrio 5D Xiaomi Redmi 13C,1,900.00,10000.00,10000.00,9100.00,local.txt,Regular
2025-07-30 20:37:39,20250730203739,Vidrio 5D Xiaomi Redmi Note 13 4G,1,900.00,10000.00,10000.00,9100.00,local.txt,Regular
2025-07-30 20:37:39,20250730203739,Forro Antichoque Pin Xiaomi Redmi Note 13 4G,1,6000.00,20000.00,20000.00,14000.00,local.txt,Regular
2025-07-30 20:37:39,20250730203739,Adaptador Hdmi2Vga Cbl,1,9000.00,25000.00,25000.00,16000.00,local.txt,Regular
2025-07-30 20:37:39,20250730203739,Simcard Claro,1,1200.00,5000.00,5000.00,3800.00,local.txt,Regular
2025-07-30 20:37:39,20250730203739,Control Tv Smart Tv,1,7000.00,20000.00,20000.00,13000.00,local.txt,Regular
2025-07-30 20:37:39,20250730203739,St Frp Huawei Y9 2019,1,0.00,40000.00,40000.00,40000.00,local.txt,Regular
2025-07-30 20:37:39,20250730203739,St Mantenimiento Logica de Carga Samsung,1,0.00,8000.00,8000.00,8000.00,local.txt,Regular
2025-07-30 20:37:39,20250730203739,Cable Poder Grabadora,1,2000.00,12000.00,12000.00,10000.00,local.txt,Regular
2025-07-30 20:37:39,20250730203739,Vidrio 5d Xiaomi Redmi 10C / 12C / A3,1,900.00,10000.00,10000.00,9100.00,local.txt,Regular
2025-07-30 20:37:39,20250730203739,Visor Camara Xiaomi Redmi Note 11,1,5000.00,20000.00,20000.00,15000.00,local.txt,Regular
2025-07-30 20:37:39,20250730203739,Tapa Xiaomi Redmi Note 11 Escarcha,1,10000.00,25000.00,25000.00,15000.00,local.txt,Regular
2025-07-30 20:37:39,20250730203739,Forro Antichoque Xiaomi Redmi 13C Dama,1,3500.00,15000.00,15000.00,11500.00,local.txt,Regular
2025-07-30 20:37:39,20250730203739,Rollo Cinta Led x2 Bluetooth,1,25000.00,60000.00,60000.00,35000.00,local.txt,Regular
2025-07-30 20:37:39,20250730203739,Vidrio 5D Apple Iphone 12 Pro Max,1,900.00,10000.00,10000.00,9100.00,local.txt,Regular
2025-07-30 20:37:39,20250730203739,Pacha Oppo A17 / A38 / A57 / A77,1,37000.00,95000.00,95000.00,58000.00,local.txt,Regular
2025-07-30 20:37:39,20250730203739,Vidrio Tortuga Samsung A12,1,900.00,5000.00,5000.00,4100.00,local.txt,Regular
2025-07-30 20:37:39,20250730203739,Recargas,1,45283.00,48000.00,48000.00,2717.00,local.txt,Regular
2025-07-30 20:40:19,20250730204019,Recargas,1,11321.00,12000.00,12000.00,679.00,local.txt,Regular
2025-07-30 21:06:52,20250730210652,Silicone Case Apple Iphone 13 Azulrey,1,7000.00,20000.00,20000.00,13000.00,local.txt,Carlos Ruiz
2025-07-31 11:50:07,20250731115007,Cable Tc Eco,1,1500.00,10000.00,10000.00,8500.00,local.txt,Regular
2025-07-31 13:33:31,20250731133331,Simcard Wom,1,1500.00,5000.00,5000.00,3500.00,local.txt,Regular
2025-07-31 13:33:31,20250731133331,Vidrio 5D Xiaomi Redmi 14C / A5 / A3,1,900.00,10000.00,10000.00,9100.00,local.txt,Regular
2025-07-31 13:44:32,20250731134432,Recargas Claro,1,4245.00,4500.00,4500.00,255.00,local.txt,Cliente General
2025-07-31 13:45:45,20250731134545,Manos Libres Batri B10 Negro,1,7500.00,25000.00,25000.00,17500.00,local.txt,Cliente General
2025-07-31 14:18:47,20250731141847,Power Bank Harvic Pb-610 20000 mah,1,48000.00,95000.00,95000.00,47000.00,local.txt,Cliente General
2025-07-31 14:29:54,20250731142954,Simcard Claro,1,1200.00,5000.00,5000.00,3800.00,local.txt,Cliente General
2025-07-31 15:01:45,20250731150145,Cable Nokia 1100,1,1300.00,12000.00,12000.00,10700.00,local.txt,Cliente General
2025-07-31 17:22:15,20250731172215,Barbera Vgr V-660,1,52000.00,109000.00,109000.00,57000.00,local.txt,Camilo Gonzalez
2025-07-31 17:28:28,20250731172828,Mouse Gamer Eco A78,1,5000.00,15000.00,15000.00,10000.00,local.txt,Cliente General
2025-07-31 17:29:17,20250731172917,Forro Space Xiaomi Redmi 12,1,3500.00,20000.00,20000.00,16500.00,local.txt,Cliente General
2025-07-31 18:03:49,20250731180349,Cable V8 Eco,1,1000.00,10000.00,10000.00,9000.00,local.txt,Cliente General
2025-07-31 18:41:44,20250731184144,Forro Antichoque Cadena Xiaomi Redmi 13c,1,6000.00,20000.00,20000.00,14000.00,local.txt,Cliente General
2025-07-31 18:42:49,20250731184249,Forro Space Huawei Honor X7,1,3500.00,20000.00,20000.00,16500.00,local.txt,Cliente General
2025-07-31 18:43:53,20250731184353,Silicone Case Zte Blade A54 Amarillo,1,7000.00,20000.00,20000.00,13000.00,local.txt,Cliente General
2025-07-31 19:13:16,20250731191316,Control Gamer Microsoft Xbox 360 Inalambrico,1,75000.00,110000.00,110000.00,35000.00,local.txt,Andrea Velasquez
2025-07-31 19:19:24,20250731191924,Cargador Belkin Tc,1,7500.00,30000.00,30000.00,22500.00,local.txt,Cliente General
2025-07-31 19:19:24,20250731191924,Vidrio 5D Huawei Honor X7B,1,900.00,10000.00,10000.00,9100.00,local.txt,Cliente General
2025-07-31 19:38:27,20250731193827,Vidrio Ceramico Xiaomi Redmi 10C / 12C,1,800.00,10000.00,10000.00,9200.00,local.txt,Cliente General
2025-07-31 19:38:27,20250731193827,Silicone Case Xioami Redmi 12C Negro,1,7000.00,20000.00,20000.00,13000.00,local.txt,Cliente General
2025-07-31 19:38:27,20250731193827,Recargas Claro,1,7075.00,7500.00,7500.00,425.00,local.txt,Cliente General
2025-07-31 21:50:20,20250731215020,Recargas Claro,1,8962.00,9500.00,9500.00,538.00,local.txt,Cliente General
2025-07-31 21:53:48,20250731215348,Parlante Teatro Tg-100,1,190000.00,320000.00,320000.00,130000.00,local.txt,Luz Alvarez
2025-07-31 21:53:48,20250731215348,Rollo Cinta Led Eco,1,9000.00,30000.00,30000.00,21000.00,local.txt,Luz Alvarez
2025-07-31 21:53:48,20250731215348,Cintal Led 10M Cbl Bluetooth,1,32000.00,60000.00,60000.00,28000.00,local.txt,Luz Alvarez
2025-07-31 22:00:23,20250731220023,Control Gamer Microsoft Xbox 360 Inalambrico,1,75000.00,110000.00,110000.00,35000.00,local.txt,Cliente General
2025-07-31 22:00:23,20250731220023,Pilas Recargables Aa x2 2700 Mah,1,11000.00,25000.00,25000.00,14000.00,local.txt,Cliente General
2025-07-31 22:00:23,20250731220023,Cargador Maxday Carga Pilas Universal,1,12000.00,25000.00,25000.00,13000.00,local.txt,Cliente General
2025-07-31 22:00:23,20250731220023,Teclado Kb-502 Eco,1,13000.00,30000.00,30000.00,17000.00,local.txt,Cliente General
2025-07-31 22:01:16,20250731220116,Pacha Motorola Moto G22 / E32,1,37000.00,95000.00,95000.00,58000.00,local.txt,Cliente General
2025-07-31 22:02:03,20250731220203,Vidrio Full Pega Motorola Moto Edge 50 Fusion / Moto G85,1,7000.00,30000.00,30000.00,23000.00,local.txt,Cliente General
2025-07-31 22:08:42,20250731220842,Vidrio Ceramico Apple Iphone 12 Mini,1,800.00,10000.00,10000.00,9200.00,local.txt,Cliente General
2025-07-31 22:08:42,20250731220842,Silicone Case Apple Iphone 12 Mini Azulrey,1,7000.00,20000.00,20000.00,13000.00,local.txt,Cliente General
2025-07-31 22:08:42,20250731220842,Vidrio Camara Apple,2,1800.00,6000.00,12000.00,8400.00,local.txt,Cliente General
2025-07-31 22:10:53,20250731221053,Power Bank Aibimy 10000 Mah 120W,1,35000.00,70000.00,70000.00,35000.00,local.txt,Cliente General
2025-07-31 22:10:53,20250731221053,Cable Auxiliar 1 A 1 Cordon,1,1800.00,12000.00,12000.00,10200.00,local.txt,Cliente General
2025-07-31 22:13:20,20250731221320,Vidrio Ceramico Apple Iphone 13 / 13 Pro / 14,1,800.00,10000.00,10000.00,9200.00,local.txt,Cliente General
2025-07-31 22:28:05,20250731222805,Cable V8 Eco,1,1000.00,10000.00,10000.00,9000.00,local.txt,Cliente General
2025-07-31 06:12:45,20250801061245,Forro Lujo Ventana Apple Iphone 15 Pro Morado,1,13000.00,35000.00,35000.00,22000.00,local.txt,Jonathan Ruiz
2025-07-31 06:14:02,20250801061402,Cable Apple Tc Ligthning,1,5500.00,20000.00,20000.00,14500.00,local.txt,Cliente General
2025-07-31 06:14:33,20250801061433,Cable Hdmi 1.5M Eco,1,2000.00,10000.00,10000.00,8000.00,local.txt,Cliente General
2025-07-31 07:00:47,20250801070047,Mouse Eco Fc-143,1,4500.00,12000.00,12000.00,7500.00,local.txt,Cliente General
2025-08-01 20:20:23,20250801202023,Soporte Tv 50 Brazo,1,24000.00,55000.00,55000.00,31000.00,local.txt,Cliente General
2025-08-01 20:21:51,20250801202151,Memoria Usb Kingston 4Gb,1,6500.00,15000.00,15000.00,8500.00,local.txt,Cliente General
2025-08-01 20:26:06,20250801202606,Antena Tdt 5M,1,9500.00,20000.00,20000.00,10500.00,local.txt,Cliente General
2025-08-01 20:27:54,20250801202754,Silicone Case Vivo Y33S / Y21 / Y21S Fucsia,1,7000.00,20000.00,20000.00,13000.00,local.txt,Cliente General
2025-08-01 20:27:54,20250801202754,Vidrio 5D Samsung A12,1,900.00,10000.00,10000.00,9100.00,local.txt,Cliente General
2025-08-01 20:31:38,20250801203138,Camara Frontal Xiaomi Redmi Note 8 Pro,1,21000.00,50000.00,50000.00,29000.00,local.txt,Cliente General
2025-08-01 20:34:00,20250801203400,Pacha Samsung A10S,1,37000.00,90000.00,90000.00,53000.00,local.txt,Cliente General
2025-08-01 20:43:31,20250801204331,Forro Space Xiaomi Redmi Note 11 Pro 5G,1,3500.00,22000.00,22000.00,18500.00,local.txt,Cliente General
2025-08-01 20:45:04,20250801204504,Forro Lujo Apple Iphone 11,1,6000.00,22000.00,22000.00,16000.00,local.txt,Cliente General
2025-08-01 20:45:41,20250801204541,Antena Tdt 5M,1,9500.00,20000.00,20000.00,10500.00,local.txt,Cliente General
2025-08-01 20:48:10,20250801204810,Soporte Celular Goma Cell,1,14000.00,25000.00,25000.00,11000.00,local.txt,Cliente General
2025-08-01 20:48:10,20250801204810,Multitoma Tb-t09 3000W,1,34000.00,65000.00,65000.00,31000.00,local.txt,Cliente General
2025-08-01 20:53:53,20250801205353,Pacha Xiaomi Redmi Note 11 / Note 12S,1,48000.00,95000.00,95000.00,47000.00,local.txt,Eliana Alvarez
2025-08-01 20:53:53,20250801205353,Silicone Case Xiaomi Redmi Note 11 Negro,1,7000.00,20000.00,20000.00,13000.00,local.txt,Eliana Alvarez
2025-08-01 20:53:53,20250801205353,Vidrio Blindado Xiaomi Redmi Note 11-12S / Sam A53-51 S20Fe / Note 10-10S,1,1600.00,20000.00,20000.00,18400.00,local.txt,Eliana Alvarez
2025-08-01 20:53:53,20250801205353,Cable Belkin V8,1,2500.00,10000.00,10000.00,7500.00,local.txt,Eliana Alvarez
2025-08-01 20:53:53,20250801205353,Simcard Claro,1,1200.00,5000.00,5000.00,3800.00,local.txt,Eliana Alvarez
2025-08-01 20:58:43,20250801205843,Microfono Inalambrico F11 Doble Pelusa,1,55000.00,110000.00,110000.00,55000.00,local.txt,Cliente General
2025-08-01 20:59:28,20250801205928,Memoria Musica Popular,1,3500.00,1000.00,1000.00,-2500.00,local.txt,Cliente General
2025-08-01 21:00:27,20250801210027,Forro Antichoque Huawei Honor X7B Caballero,1,3500.00,15000.00,15000.00,11500.00,local.txt,Cliente General
2025-08-01 21:00:52,20250801210052,Audifonos Bluetooth Conductor 1092,1,20000.00,60000.00,60000.00,40000.00,local.txt,Cliente General
2025-08-01 21:01:56,20250801210156,Simcard Wom,1,1500.00,5000.00,5000.00,3500.00,local.txt,Cliente General
2025-08-01 21:02:35,20250801210235,Cable Belkin V8,1,2500.00,12000.00,12000.00,9500.00,local.txt,Cliente General
2025-08-01 21:02:58,20250801210258,Parlante Barra V70,1,40000.00,95000.00,95000.00,55000.00,local.txt,Cliente General
2025-08-01 21:03:22,20250801210322,Silicone Case Oppo A80 Lila,1,7000.00,20000.00,20000.00,13000.00,local.txt,Cliente General
2025-08-01 21:05:06,20250801210506,Silicone Case Samsung A22 4G Negro,1,7000.00,20000.00,20000.00,13000.00,local.txt,Cliente General
2025-08-01 21:05:06,20250801210506,Vidrio 5D Samsung A32 4G,1,900.00,10000.00,10000.00,9100.00,local.txt,Cliente General
2025-08-01 21:05:49,20250801210549,Bateria Motorola Moto E6s / E6i,1,22000.00,45000.00,45000.00,23000.00,local.txt,Cliente General
2025-08-01 21:06:26,20250801210626,Pilas Carbon Maxday Aaa X2,1,600.00,4000.00,4000.00,3400.00,local.txt,Cliente General
2025-08-01 21:07:06,20250801210706,Manos Libres Xiaomi T Original Negro,1,5500.00,30000.00,30000.00,24500.00,local.txt,Cliente General
2025-08-01 21:07:55,20250801210755,Recargas,1,19339.00,20500.00,20500.00,1161.00,local.txt,Cliente General
2025-08-02 14:04:33,20250802140433,Pacha Tecno Spark Go 2024 / 20 / 20c /Smart 8 / Hot 40i,1,38000.00,95000.00,95000.00,57000.00,local.txt,Regina
2025-08-02 14:04:33,20250802140433,Silicone Case Tecno Spark Go 2024 / 20 / 20C / Pop8 Rojo,1,7000.00,20000.00,20000.00,13000.00,local.txt,Regina
2025-08-02 14:04:33,20250802140433,Vidrio Blindado Tecno Spark Go 2024 / 20 / 20C / Pop8,1,1600.00,20000.00,20000.00,18400.00,local.txt,Regina
2025-08-02 14:15:35,20250802141535,Recargas,1,2358.00,2500.00,2500.00,142.00,local.txt,Cliente General
2025-08-02 14:35:04,20250802143504,Vaper 7000 Puffs Moraazul,1,19000.00,35000.00,35000.00,16000.00,local.txt,Yarlot
2025-08-02 14:49:35,20250802144935,Vidrio 5D Samsung A21S,1,900.00,10000.00,10000.00,9100.00,local.txt,Cliente General
2025-08-02 17:19:45,20250802171945,Cargador We V8 33W,1,7500.00,30000.00,30000.00,22500.00,local.txt,David Ramirez
2025-08-02 17:19:45,20250802171945,Power Bank Yoyos Ys-704 30000 Mah,1,75000.00,120000.00,120000.00,45000.00,local.txt,David Ramirez
2025-08-02 17:24:56,20250802172456,Recargas,1,11321.00,12000.00,12000.00,679.00,local.txt,Cliente General
2025-08-02 19:15:51,20250802191551,Cable Rca 3 A 3 1.5M,1,3000.00,12000.00,12000.00,9000.00,local.txt,Cliente General
2025-08-02 19:17:47,20250802191747,Adaptador Audio 3.5 a 1/2,2,2000.00,10000.00,20000.00,16000.00,local.txt,Cliente General
2025-08-02 19:18:42,20250802191842,Forro Antichoque Samsung A04E Caballero,1,3500.00,15000.00,15000.00,11500.00,local.txt,Cliente General
2025-08-02 19:19:23,20250802191923,Vidrio Blindado Samsung A12,1,1600.00,20000.00,20000.00,18400.00,local.txt,Cliente General
2025-08-02 19:21:16,20250802192116,Vidrio Tortuga Samsung A71,1,1100.00,15000.00,15000.00,13900.00,local.txt,Cliente General
2025-08-02 19:22:24,20250802192224,Forro Space Tecno Camon 30s,1,3500.00,20000.00,20000.00,16500.00,local.txt,Cliente General
2025-08-02 19:32:11,20250802193211,Recargas,1,11792.00,12500.00,12500.00,708.00,local.txt,Cliente General
2025-08-02 19:32:11,20250802193211,Recargas,1,4245.00,4500.00,4500.00,255.00,local.txt,Cliente General
2025-08-02 19:32:11,20250802193211,Recargas,1,8019.00,8500.00,8500.00,481.00,local.txt,Cliente General
2025-08-02 19:32:11,20250802193211,Recargas,1,8019.00,8500.00,8500.00,481.00,local.txt,Cliente General
2025-08-02 19:43:28,20250802194328,Adaptador Hdmi2vga Cbl,1,10000.00,25000.00,25000.00,15000.00,local.txt,Cliente General
2025-08-02 19:51:54,20250802195154,Switch Lan  GS-05 1/100/1000,1,45000.00,70000.00,70000.00,25000.00,local.txt,Jose Cuervo
2025-08-02 20:16:26,20250802201626,Recargas,1,17453.00,18500.00,18500.00,1047.00,local.txt,Cliente General
2025-08-03 13:08:52,20250803130852,Cable Samsung Tc a Tc Original,1,5000.00,30000.00,30000.00,25000.00,local.txt,Cliente General
2025-08-03 13:09:13,20250803130913,Vidrio 5D Samsung A12,1,900.00,10000.00,10000.00,9100.00,local.txt,Cliente General
2025-08-03 13:10:43,20250803131043,Recargas,1,17453.00,18500.00,18500.00,1047.00,local.txt,Cliente General
2025-08-03 13:10:43,20250803131043,Recargas,1,11792.00,12500.00,12500.00,708.00,local.txt,Cliente General
2025-08-03 13:41:06,20250803134106,Forro Antichoque Samsung A21S Dama,1,3500.00,15000.00,15000.00,11500.00,local.txt,Veronica Chama
2025-08-03 13:41:06,20250803134106,Vidrio 5D Samsung A21S,1,900.00,10000.00,10000.00,9100.00,local.txt,Veronica Chama
2025-08-03 14:19:22,20250803141922,Forro Antichoque Cadena Xiaomi Redmi 9A,1,6000.00,20000.00,20000.00,14000.00,local.txt,Cliente General
2025-08-03 14:19:22,20250803141922,Cable Apple Usb Ligthning,1,3000.00,15000.00,15000.00,12000.00,local.txt,Cliente General
2025-08-03 14:51:36,20250803145136,Silicone Case Vivo Y31 / Y51 / Y53S Lila,1,7000.00,20000.00,20000.00,13000.00,local.txt,Cliente General
2025-08-03 14:51:36,20250803145136,Vidrio Blindado Samsung A12,1,1600.00,20000.00,20000.00,18400.00,local.txt,Cliente General
2025-08-03 15:26:02,20250803152602,Cable Auxiliar 1 a 1 Microfono,1,3500.00,18000.00,18000.00,14500.00,local.txt,Cliente General
2025-08-03 15:29:27,20250803152927,Celular Corn Flip K Tapa 352384180079354-362 Rojo,1,110000.00,175000.00,175000.00,65000.00,local.txt,Cristina Guaman
2025-08-03 15:31:55,20250803153155,Servicio Tecnico Instalar Vidrio Nintendo Switch,1,0.00,10000.00,10000.00,10000.00,local.txt,Cliente General
2025-08-03 15:49:43,20250803154943,Recargas,1,9434.00,10000.00,10000.00,566.00,local.txt,Cliente General
2025-08-03 15:49:43,20250803154943,Recargas,1,7075.00,7500.00,7500.00,425.00,local.txt,Cliente General
2025-08-03 15:49:43,20250803154943,Recargas,1,7075.00,7500.00,7500.00,425.00,local.txt,Cliente General
2025-08-03 16:32:33,20250803163233,Vidrio 5D Samsung A30S,1,900.00,10000.00,10000.00,9100.00,local.txt,Cliente General
2025-08-03 19:49:59,20250803194959,Cable Optico 3M,1,4500.00,2000.00,2000.00,-2500.00,local.txt,Cliente General
2025-08-03 19:54:08,20250803195408,Silicone Case Tecno Spark 10 Pro Verdemilitar,1,7000.00,20000.00,20000.00,13000.00,local.txt,Cliente General
2025-08-03 19:57:48,20250803195748,Vidrio 5D Tecno Spark 10 Pro,1,900.00,10000.00,10000.00,9100.00,local.txt,Cliente General
2025-08-03 19:58:39,20250803195839,Soporte Tripode Caja Cafe,1,16000.00,35000.00,35000.00,19000.00,local.txt,Cliente General
2025-08-03 20:10:05,20250803201005,Aro De Luz 33Cm Rgb,1,50000.00,85000.00,85000.00,35000.00,local.txt,Cliente General
2025-08-03 20:10:05,20250803201005,Vidrio Blindado Xiaomi Redmi Note 12,1,1600.00,20000.00,20000.00,18400.00,local.txt,Cliente General
2025-08-03 20:10:05,20250803201005,Silicone Case Huawei Honor X7C / 200 Smart Fucsia,1,7000.00,20000.00,20000.00,13000.00,local.txt,Cliente General
2025-08-03 20:10:05,20250803201005,Hydrogel Huawei Honor 200 Smart,1,4000.00,20000.00,20000.00,16000.00,local.txt,Cliente General
2025-08-03 20:13:06,20250803201306,Forro Antichoque Samsung A04S Dama,1,3500.00,15000.00,15000.00,11500.00,local.txt,Cliente General
2025-08-03 20:17:43,20250803201743,Forro Antichoque Cadena Tecno Spark Go 2024 / 20 / 20C / Pop8,1,6000.00,20000.00,20000.00,14000.00,local.txt,Cliente General
2025-08-03 20:19:33,20250803201933,Vidrio 5D Xiaomi Redmi Note 12,1,900.00,10000.00,10000.00,9100.00,local.txt,Cliente General
2025-08-03 20:28:08,20250803202808,Forro Antichoque Motorola Moto G20 / G30 Dama,1,3500.00,15000.00,15000.00,11500.00,local.txt,Cliente General
2025-08-03 20:28:08,20250803202808,Silicone Case Motorola Moto G8 Power Lite Salmon,1,7000.00,20000.00,20000.00,13000.00,local.txt,Cliente General
2025-08-03 20:35:05,20250803203505,Vidrio Tortuga Motorola Moto G54,1,1100.00,15000.00,15000.00,13900.00,local.txt,Cliente General
2025-08-03 20:35:05,20250803203505,Vidrio Blindado Xiaomi Redmi 10,1,1600.00,20000.00,20000.00,18400.00,local.txt,Cliente General
2025-08-03 20:35:05,20250803203505,Forro Space Xiaomi Redmi 10,1,3500.00,20000.00,20000.00,16500.00,local.txt,Cliente General
2025-08-03 20:35:32,20250803203532,Simcard Wom,1,1500.00,5000.00,5000.00,3500.00,local.txt,Cliente General
2025-08-03 20:35:57,20250803203557,Simcard Claro,1,1200.00,5000.00,5000.00,3800.00,local.txt,Cliente General
2025-08-03 20:37:38,20250803203738,Pacha Vivo Y31 / Y51 / Y53S,1,38000.00,95000.00,95000.00,57000.00,local.txt,Cliente General
2025-08-03 20:37:38,20250803203738,Vidrio 5D Samsung A12,1,900.00,10000.00,10000.00,9100.00,local.txt,Cliente General
2025-08-03 20:39:00,20250803203900,Forro Antichoque Xiaomi Redmi 14C Lujo Negrorojo,1,6000.00,20000.00,20000.00,14000.00,local.txt,Cliente General
2025-08-03 20:39:00,20250803203900,Vidrio 5D Xiaomi Redmi 14C / A5 / A3,1,900.00,10000.00,10000.00,9100.00,local.txt,Cliente General
2025-08-03 20:44:30,20250803204430,Vidrio Full Pega Motorola Moto Edge 50 Fusion / Moto G85,1,7000.00,30000.00,30000.00,23000.00,local.txt,Cliente General
2025-08-03 20:45:19,20250803204519,Manos Libres Samsung J5 Negro,1,2300.00,10000.00,10000.00,7700.00,local.txt,Cliente General
2025-08-03 20:50:09,20250803205009,Forro Antichoque Motorola Moto E22i Caballero,1,3500.00,15000.00,15000.00,11500.00,local.txt,Cliente General
2025-08-03 20:54:50,20250803205450,Recargas,1,8019.00,8500.00,8500.00,481.00,local.txt,Cliente General
2025-08-03 20:54:50,20250803205450,Recargas,1,7075.00,7500.00,7500.00,425.00,local.txt,Cliente General
2025-08-03 20:54:50,20250803205450,Recargas,1,7075.00,7500.00,7500.00,425.00,local.txt,Cliente General
2025-08-03 20:54:50,20250803205450,Recargas,1,7075.00,7500.00,7500.00,425.00,local.txt,Cliente General
2025-08-03 20:54:50,20250803205450,Recargas,1,8019.00,8500.00,8500.00,481.00,local.txt,Cliente General
2025-08-03 20:54:50,20250803205450,Recargas,1,7075.00,7500.00,7500.00,425.00,local.txt,Cliente General
2025-08-03 20:56:15,20250803205615,Recargas,1,8019.00,8500.00,8500.00,481.00,local.txt,Cliente General
2025-08-03 21:11:39,20250803211139,Vidrio 5D Huawei Honor X6S,1,900.00,10000.00,10000.00,9100.00,local.txt,Cliente General
2025-08-04 10:37:23,20250804103723,Pacha Huawei Y9 Prime Incell,1,37000.00,90000.00,90000.00,53000.00,local.txt,Carlos Arley Vargas
2025-08-04 10:37:23,20250804103723,Servicio Tecnico Control Humedad y Capacitor Y9 Prime,1,0.00,20000.00,20000.00,20000.00,local.txt,Carlos Arley Vargas
2025-08-04 10:43:31,20250804104331,Soporte Holder Moto M3,1,12000.00,25000.00,25000.00,13000.00,local.txt,Jua Ballesteros
2025-08-04 10:44:18,20250804104418,Simcard Claro,1,1200.00,5000.00,5000.00,3800.00,local.txt,Cliente General
2025-08-04 11:59:34,20250804115934,Silicone Case Apple Iphone 7 Plus / Iphone 8 Plus Rojo,1,7000.00,20000.00,20000.00,13000.00,local.txt,Cliente General
2025-08-04 11:59:55,20250804115955,Manos Libres Samsung Akg,1,3300.00,15000.00,15000.00,11700.00,local.txt,Cliente General
2025-08-04 13:28:20,20250804132820,Adaptador Tc2Hdmi Cable,1,25000.00,50000.00,50000.00,25000.00,local.txt,Cliente General
2025-08-04 13:56:17,20250804135617,Cargador Yl Tc,1,5000.00,22000.00,22000.00,17000.00,local.txt,Cliente General
2025-08-04 14:21:18,20250804142118,Pilas Carbon Maxday Aa x2,1,600.00,4000.00,4000.00,3400.00,local.txt,Cliente General
2025-08-04 14:28:08,20250804142808,Servicio Tecnico Frp Motorola Moto G15,1,0.00,40000.00,40000.00,40000.00,local.txt,Juan Garces
2025-08-04 15:05:44,20250804150544,Vidrio Ceramico Xiaomi Redmi Note 13 / Note 14,1,800.00,10000.00,10000.00,9200.00,local.txt,Cliente General
2025-08-04 15:40:32,20250804154032,Forro Armadura Xiaomi Redmi Note 14 Pro 5G Rojo,1,6000.00,22000.00,22000.00,16000.00,local.txt,Cliente General
2025-08-04 15:47:33,20250804154733,Manos Libres Samsung Akg Tc,1,8000.00,29000.00,29000.00,21000.00,local.txt,Cliente General
2025-08-04 16:21:32,20250804162132,Silicone Case Infinix Hot 50I Fucsia,1,7000.00,20000.00,20000.00,13000.00,local.txt,Nancy Rico
2025-08-04 16:21:32,20250804162132,Pacha Tecno - Infinix Spark Go 2025 / 30C / Go 1 / Smart 9,1,55000.00,100000.00,100000.00,45000.00,local.txt,Nancy Rico
2025-08-04 16:21:32,20250804162132,Vidrio 5D Xiaomi Redmi Note 12,1,900.00,10000.00,10000.00,9100.00,local.txt,Nancy Rico
2025-08-04 16:22:16,20250804162216,Vidrio 5D Xiaomi Redmi Note 12,2,900.00,5000.00,10000.00,8200.00,local.txt,Cliente General
2025-08-04 20:09:15,20250804200915,Power Bank Oczu Solar Opb-011 10000 Mah Cables,1,35000.00,70000.00,70000.00,35000.00,local.txt,Cliente General
2025-08-04 20:10:58,20250804201058,Adaptador Otg Ramitech Usb Ligthning,1,10000.00,20000.00,20000.00,10000.00,local.txt,Cliente General
2025-08-04 20:12:14,20250804201214,Servicio Tecnico Limpeza Oppo A38,1,0.00,20000.00,20000.00,20000.00,local.txt,Cliente General
2025-08-04 20:12:42,20250804201242,Cable Belkin V8,1,2500.00,12000.00,12000.00,9500.00,local.txt,Cliente General
2025-08-04 20:13:00,20250804201300,Cable Belkin V8,1,2500.00,12000.00,12000.00,9500.00,local.txt,Cliente General
2025-08-04 20:14:19,20250804201419,Audifonos Bluettooh Batri Bt-60,1,45000.00,85000.00,85000.00,40000.00,local.txt,Carlos Ruiz
2025-08-04 20:17:40,20250804201740,Cargador We Tc,1,8500.00,35000.00,35000.00,26500.00,local.txt,Cliente General
2025-08-04 20:17:40,20250804201740,Vidrio 5D Motorola Moto G84,1,900.00,10000.00,10000.00,9100.00,local.txt,Cliente General
2025-08-04 20:21:03,20250804202103,Vidrio Antiespia Motorola Moto G04 / Moto G24,1,1600.00,20000.00,20000.00,18400.00,local.txt,Cliente General
2025-08-04 20:23:32,20250804202332,Pacha Samsung A21S,1,35000.00,90000.00,90000.00,55000.00,local.txt,Jorge Avila
2025-08-04 20:23:32,20250804202332,Servicio Tecnico Samsung A21s Formatear,1,0.00,10000.00,10000.00,10000.00,local.txt,Jorge Avila
2025-08-04 20:23:32,20250804202332,Vidrio 5D Samsung A21S,1,900.00,5000.00,5000.00,4100.00,local.txt,Jorge Avila
2025-08-04 20:24:50,20250804202450,Forro Antichoque Infinix Hot 50 Pro Plus Caballero,1,3500.00,15000.00,15000.00,11500.00,local.txt,Cliente General
2025-08-04 20:25:25,20250804202525,Servicio Tecnico Talkback,1,0.00,5000.00,5000.00,5000.00,local.txt,Cliente General
2025-08-04 20:26:52,20250804202652,Recargas,1,15566.00,16500.00,16500.00,934.00,local.txt,Cliente General
2025-08-05 15:57:35,20250806155735,Cable V8 3.0 Corto,1,7000.00,22000.00,22000.00,15000.00,local.txt,Cliente General
2025-08-05 15:58:36,20250806155836,Cargador Pc 8 Pines Caja Naranja,1,24000.00,55000.00,55000.00,31000.00,local.txt,Cliente General
2025-08-05 16:08:51,20250806160851,Cable Poder Trebol,1,2500.00,12000.00,12000.00,9500.00,local.txt,Cliente General
2025-08-05 16:08:51,20250806160851,Forro Antichoque Xiaomi Redmi Note 9 Dama,1,3500.00,15000.00,15000.00,11500.00,local.txt,Cliente General
2025-08-05 16:08:51,20250806160851,Silicone Case Samsung A24 Verdemilitar,1,7000.00,20000.00,20000.00,13000.00,local.txt,Cliente General
2025-08-05 16:08:51,20250806160851,Cargador Pluying Royal 38W,1,12000.00,35000.00,35000.00,23000.00,local.txt,Cliente General
2025-08-05 16:08:51,20250806160851,Cargador Apple 25W Tc Ligthning,1,13000.00,40000.00,40000.00,27000.00,local.txt,Cliente General
2025-08-05 16:08:51,20250806160851,Reproductor Amazon Fire Tv Stick Hd,1,125000.00,175000.00,175000.00,50000.00,local.txt,Cliente General
2025-08-05 16:08:51,20250806160851,Cargador We Tc,1,8500.00,35000.00,35000.00,26500.00,local.txt,Cliente General
2025-08-05 16:08:51,20250806160851,Cable Usb Ligthning Eco,1,1500.00,12000.00,12000.00,10500.00,local.txt,Cliente General
2025-08-06 16:21:44,20250806162144,Recargas,1,2358.00,2500.00,2500.00,142.00,local.txt,Cliente General
2025-08-06 17:10:33,20250806171033,Cable Tc Eco,1,1500.00,10000.00,10000.00,8500.00,local.txt,Cliente General
2025-08-06 19:53:21,20250806195321,Control Gamer Microsoft Pc/360 Cable,1,30000.00,65000.00,65000.00,35000.00,local.txt,Cliente General
2025-08-06 20:11:48,20250806201148,Pacha Tecno - Infinix Spark Go 2025 / 30C / Go 1 / Smart 9,1,35000.00,100000.00,100000.00,65000.00,local.txt,Cliente General
2025-08-06 20:11:48,20250806201148,Silicone Case Tecno Spark 30C Rojo,1,7000.00,20000.00,20000.00,13000.00,local.txt,Cliente General
2025-08-06 20:11:48,20250806201148,Simcard Claro,1,1200.00,5000.00,5000.00,3800.00,local.txt,Cliente General
2025-08-06 20:11:48,20250806201148,Vidrio 5D Tecno Spark Go 2025,1,900.00,5000.00,5000.00,4100.00,local.txt,Cliente General
2025-08-06 20:13:22,20250806201322,Cargador Cubo Eco,1,2000.00,12000.00,12000.00,10000.00,local.txt,Cliente General
2025-08-06 20:14:35,20250806201435,Adaptador Hdmi2Vga Cja,1,12000.00,25000.00,25000.00,13000.00,local.txt,Cliente General
2025-08-06 20:14:35,20250806201435,Cable Vga 1M,1,3000.00,12000.00,12000.00,9000.00,local.txt,Cliente General
2025-08-06 20:16:06,20250806201606,Power Bank Yoyos Ys-700 10000 Mah,1,35000.00,75000.00,75000.00,40000.00,local.txt,Cliente General
2025-08-06 20:19:03,20250806201903,Proyector Thor Hy-300 Con Juegos,1,220000.00,320000.00,320000.00,100000.00,local.txt,Cliente General
2025-08-06 20:19:03,20250806201903,Parlante Gts-1372,1,10000.00,20000.00,20000.00,10000.00,local.txt,Cliente General
2025-08-06 20:20:03,20250806202003,Pacha Xiaomi Redmi 9A / 9C / 10A,1,35000.00,90000.00,90000.00,55000.00,local.txt,Cliente General
2025-08-06 20:20:39,20250806202039,Cargador We Tc 33W,1,8500.00,35000.00,35000.00,26500.00,local.txt,hellen nicole
2025-08-06 20:23:12,20250806202312,Recargas,1,16038.00,17000.00,17000.00,962.00,local.txt,Cliente General
2025-08-06 20:23:12,20250806202312,Servicio Tecnico Mantenimiento Logica Moto G24,1,0.00,15000.00,15000.00,15000.00,local.txt,Cliente General
2025-08-06 21:04:27,20250806210427,Vidrio 5D Tecno Spark Go 2025,1,900.00,10000.00,10000.00,9100.00,local.txt,Cliente General
2025-08-06 21:05:03,20250806210503,Recargas,1,2358.00,2500.00,2500.00,142.00,local.txt,Cliente General
2025-08-07 13:17:42,20250807131742,Mouse Gamer Eco A78,1,5000.00,18000.00,18000.00,13000.00,local.txt,Cliente General
2025-08-07 13:18:22,20250807131822,Servicio Tecnico Soldar Cables Parlante,1,0.00,8000.00,8000.00,8000.00,local.txt,Cliente General
2025-08-07 13:46:44,20250807134644,Servicio Tecnico Revision Carga Galaxy Note 20 Pro,1,0.00,5000.00,5000.00,5000.00,local.txt,Cliente General
2025-08-07 13:47:41,20250807134741,Altavoz Samsugn A25,1,7000.00,35000.00,35000.00,28000.00,local.txt,Cliente General
2025-08-07 15:34:39,20250807153439,Altavoz Samsung A10,1,5000.00,29000.00,29000.00,24000.00,local.txt,Cliente General
2025-08-07 15:34:39,20250807153439,Vidrio 5D Samsung A10 / A10s,1,900.00,10000.00,10000.00,9100.00,local.txt,Cliente General
2025-08-07 15:34:39,20250807153439,Silicone Case Samsung A10 Fucsia,1,7000.00,20000.00,20000.00,13000.00,local.txt,Cliente General
2025-08-07 16:51:34,20250807165134,Switch Lan 10/100,1,25000.00,50000.00,50000.00,25000.00,local.txt,Cliente General
2025-08-07 16:53:27,20250807165327,Silicone Case Xiaomi Poco X6 Pro 5G Lila,1,7000.00,20000.00,20000.00,13000.00,local.txt,Cliente General
2025-08-07 17:00:02,20250807170002,Estetica Ondas de Sirena,1,28000.00,69000.00,69000.00,41000.00,local.txt,Gladys
2025-08-07 17:00:02,20250807170002,Humidificador Oso,1,25000.00,49000.00,49000.00,24000.00,local.txt,Gladys
2025-08-07 17:05:33,20250807170533,Forro Antichoque Tecno Spark 10 Pro Caballero,1,3500.00,18000.00,18000.00,14500.00,local.txt,Cliente General
2025-08-07 17:10:34,20250807171034,Recargas,1,49057.00,52000.00,52000.00,2943.00,local.txt,Cliente General
2025-08-07 18:15:43,20250807181543,Vidrio Antiespia Apple Iphone 13 / 14,1,1600.00,20000.00,20000.00,18400.00,local.txt,Cliente General
2025-08-07 18:35:25,20250807183525,Servicio Tecnico Frp Vivo Y27,1,0.00,40000.00,40000.00,40000.00,local.txt,Cliente General
2025-08-07 18:42:41,20250807184241,Pila Reloj Beston Cr-2025,1,800.00,5000.00,5000.00,4200.00,local.txt,Cliente General
2025-08-07 19:24:07,20250807192407,Pacha Vivo Y21 / Y21S,1,38000.00,90000.00,90000.00,52000.00,local.txt,Yolima Tibaquira
2025-08-07 19:24:07,20250807192407,Vidrio 5D Samsung A12,1,900.00,5000.00,5000.00,4100.00,local.txt,Yolima Tibaquira
2025-08-07 19:24:07,20250807192407,Servicio Tecnico Apple Despegar Bateria IPhone 6,1,0.00,15000.00,15000.00,15000.00,local.txt,Yolima Tibaquira
2025-08-07 19:29:33,20250807192933,Audifonos Bluetooth L&m,1,35000.00,85000.00,85000.00,50000.00,local.txt,Cliente General
2025-08-07 19:29:33,20250807192933,Dron 988 Doble Camara,1,55000.00,125000.00,125000.00,70000.00,local.txt,Cliente General
2025-08-07 19:29:33,20250807192933,Pilas Carbon Maxday Aa x2,1,1200.00,6000.00,6000.00,4800.00,local.txt,Cliente General
2025-08-07 19:33:14,20250807193314,Manos Libres Samsung J5 Negro,1,2300.00,10000.00,10000.00,7700.00,local.txt,Cliente General
2025-08-07 20:10:42,20250807201042,Manos Libres Tc Oczu Oz-F9,1,4000.00,25000.00,25000.00,21000.00,local.txt,Cliente General
2025-08-07 20:11:32,20250807201132,Vidrio 5D Iphone 12 / 12 Pro,1,900.00,10000.00,10000.00,9100.00,local.txt,Jonathan Ruiz
2025-08-07 20:54:35,20250807205435,Pacha Xiaomi Poco X3 / Mi 10T Lite,1,75000.00,135000.00,135000.00,60000.00,local.txt,Cliente General
2025-08-07 20:54:35,20250807205435,Forro Antichoque Xiaomi Poco X3 Caballero,1,3500.00,15000.00,15000.00,11500.00,local.txt,Cliente General
2025-08-07 20:54:35,20250807205435,Vidrio Ceramico Samsung A71 / Poco X3,1,800.00,10000.00,10000.00,9200.00,local.txt,Cliente General
2025-08-07 20:59:48,20250807205948,Recargas,1,11321.00,12000.00,12000.00,679.00,local.txt,Cliente General
2025-08-08 20:31:57,20250808203157,Antena Tdt 5M,1,9500.00,20000.00,20000.00,10500.00,local.txt,Cliente General
2025-08-08 20:34:40,20250808203440,Hub Lan 3 Usb,1,25000.00,49000.00,49000.00,24000.00,local.txt,Cliente General
2025-08-08 20:35:07,20250808203507,Vidrio 5D Huawei Y9 Prime,1,900.00,10000.00,10000.00,9100.00,local.txt,Cliente General
2025-08-08 20:36:19,20250808203619,Servicio Tecnico Control Humedad Huawei Honor Magic 6 Lite,1,0.00,95000.00,95000.00,95000.00,local.txt,Cliente General
2025-08-08 20:37:23,20250808203723,Servicio Tecnico Revision Xiaomi Redmi 13C,1,0.00,15000.00,15000.00,15000.00,local.txt,Cliente General
2025-08-08 20:38:37,20250808203837,Servicio Tecnico Reconectar Pantalla Samsung A24,1,0.00,5000.00,5000.00,5000.00,local.txt,Cliente General
2025-08-08 20:45:58,20250808204558,Pacha Vivo Y20s / Y11s,1,38000.00,90000.00,90000.00,52000.00,local.txt,Jhony Perez
2025-08-08 20:45:58,20250808204558,Silicone Case Vivo Y20 / Y20S / Y11S Lila,1,7000.00,20000.00,20000.00,13000.00,local.txt,Jhony Perez
2025-08-08 20:45:58,20250808204558,Vidrio 5D Samsung A12,1,900.00,5000.00,5000.00,4100.00,local.txt,Jhony Perez
2025-08-08 20:47:55,20250808204755,Pacha Motorola Moto G20,1,35000.00,95000.00,95000.00,60000.00,local.txt,Jonathan Triana
2025-08-08 20:47:55,20250808204755,Vidrio 5D Motorola Moto G20 / G30,1,900.00,5000.00,5000.00,4100.00,local.txt,Jonathan Triana
2025-08-08 20:49:17,20250808204917,Pacha Xiaomi Redmi 9,1,38000.00,90000.00,90000.00,52000.00,local.txt,Cliente General
2025-08-08 20:49:17,20250808204917,Vidrio 5D Samsung A12,1,900.00,5000.00,5000.00,4100.00,local.txt,Cliente General
2025-08-08 20:53:28,20250808205328,Cable Caterpillar Tc,1,4500.00,14000.00,14000.00,9500.00,local.txt,Yorman
2025-08-08 20:56:53,20250808205653,Parlante Pc Mini Teatro Blanco,1,32000.00,59000.00,59000.00,27000.00,local.txt,Cliente General
2025-08-08 21:00:32,20250808210032,Llaveros Figura,1,5000.00,10000.00,10000.00,5000.00,local.txt,Cliente General
2025-08-08 21:05:05,20250808210505,Recargas,1,7075.00,7500.00,7500.00,425.00,local.txt,Cliente General
2025-08-09 11:00:43,20250809110043,Simcard Claro,1,1200.00,5000.00,5000.00,3800.00,local.txt,Cliente General
2025-08-09 11:00:59,20250809110059,Simcard Claro,1,1200.00,5000.00,5000.00,3800.00,local.txt,Cliente General
2025-08-09 11:02:55,20250809110255,Cable Usb Macho Macho 1.5M,1,3000.00,12000.00,12000.00,9000.00,local.txt,Cliente General
2025-08-09 13:57:27,20250809135727,Reproductor Tv Stick Magis,1,85000.00,130000.00,130000.00,45000.00,local.txt,Cliente General
2025-08-09 13:57:27,20250809135727,Pilas Carbon Maxday Aaa X2,1,600.00,4000.00,4000.00,3400.00,local.txt,Cliente General
2025-08-09 14:01:14,20250809140114,Forro Antichoque Oppo Reno 5 Lite Caballero,1,3500.00,15000.00,15000.00,11500.00,local.txt,Cliente General
2025-08-09 14:05:08,20250809140508,Cable Lan 3M Cat 6,2,4000.00,12000.00,24000.00,16000.00,local.txt,Cliente General
2025-08-09 14:37:55,20250809143755,Recargas,1,6604.00,7000.00,7000.00,396.00,local.txt,Cliente General
2025-08-09 14:38:39,20250809143839,Manos Libres Samsung J5 Negro,1,2300.00,10000.00,10000.00,7700.00,local.txt,Cliente General
2025-08-09 20:10:28,20250809201028,Vidrio 5D Huawei Honor X8A,1,900.00,10000.00,10000.00,9100.00,local.txt,Cliente General
2025-08-09 20:10:28,20250809201028,Forro Antichoque Huawei Honor X8A Caballero,1,3500.00,15000.00,15000.00,11500.00,local.txt,Cliente General
2025-08-09 20:17:55,20250809201755,Cable Apple Tc Ligthning 2M,1,6000.00,25000.00,25000.00,19000.00,local.txt,Cliente General
2025-08-09 20:18:47,20250809201847,Cable Siliconado Zonymax V8,1,4500.00,18000.00,18000.00,13500.00,local.txt,Cliente General
2025-08-09 20:19:59,20250809201959,Vaper 7000 Puffs Salpicon,1,17000.00,40000.00,40000.00,23000.00,local.txt,Cliente General
2025-08-09 20:21:09,20250809202109,Hydrogel Matte Huawei Honor 200,1,4000.00,20000.00,20000.00,16000.00,local.txt,Cliente General
2025-08-09 20:22:19,20250809202219,Pacha Xiaomi Redmi Note 13 Pro Plus,1,165000.00,340000.00,340000.00,175000.00,local.txt,Cliente General
2025-08-09 20:23:53,20250809202353,Recargas,1,47170.00,50000.00,50000.00,2830.00,local.txt,Cliente General
2025-08-09 20:24:50,20250809202450,Audifonos Bluetooth I12 Negro,1,14000.00,35000.00,35000.00,21000.00,local.txt,Cliente General
2025-08-09 20:26:40,20250809202640,Cargador Pc Hp Punta Azul,1,26000.00,55000.00,55000.00,29000.00,local.txt,Cliente General
2025-08-10 10:36:13,20250810103613,Vidrio 5D Samsung A05,1,900.00,10000.00,10000.00,9100.00,local.txt,Cliente General
2025-08-10 10:37:01,20250810103701,Cable We Tc,1,4500.00,20000.00,20000.00,15500.00,local.txt,Cliente General
2025-08-10 12:56:39,20250810125639,Vidrio 5D Samsung A12,1,900.00,10000.00,10000.00,9100.00,local.txt,Cliente General
2025-08-10 12:56:39,20250810125639,Vidrio 5D Tecno Spark Go 2025,1,900.00,10000.00,10000.00,9100.00,local.txt,Cliente General
2025-08-10 12:56:39,20250810125639,Servicio Tecnico Formatear Moto G8 Power,1,0.00,12000.00,12000.00,12000.00,local.txt,Cliente General
2025-08-10 12:56:39,20250810125639,Forro Antichoque Tecno Spark Go 2025 / Go 1 Dama,1,3500.00,15000.00,15000.00,11500.00,local.txt,Cliente General
2025-08-10 12:58:22,20250810125822,Video Juego Ps2 50 cent,1,1000.00,5000.00,5000.00,4000.00,local.txt,Cliente General
2025-08-10 12:58:22,20250810125822,Video Juego Ps2 Call Of Duty,1,1000.00,5000.00,5000.00,4000.00,local.txt,Cliente General
2025-08-10 12:59:22,20250810125922,Servicio Tecnico Pin de Carga Redmi A1,1,0.00,25000.00,25000.00,25000.00,local.txt,Cliente General
2025-08-10 12:59:38,20250810125938,Servicio Tecnico Sincronizar Cuenta Gmail,1,0.00,15000.00,15000.00,15000.00,local.txt,Cliente General
2025-08-10 13:00:56,20250810130056,Vidrio 5D Xiaomi Redmi Note 13 / Note 14,1,900.00,10000.00,10000.00,9100.00,local.txt,Cliente General
2025-08-10 13:00:56,20250810130056,Forro Space Xiaomi Redmi Note 13 4G,1,3500.00,20000.00,20000.00,16500.00,local.txt,Cliente General
2025-08-10 13:00:56,20250810130056,Cable We Tc,1,4500.00,20000.00,20000.00,15500.00,local.txt,Cliente General
2025-08-10 13:07:37,20250810130737,Forro Antichoque Oppo A57 / A77 Dama,1,3500.00,15000.00,15000.00,11500.00,local.txt,Cliente General
2025-08-10 13:07:37,20250810130737,Vidrio Ceramico Samsung A12,1,800.00,10000.00,10000.00,9200.00,local.txt,Cliente General
2025-08-09 13:58:24,20250810135824,Cable Belkin Tc,1,2500.00,12000.00,12000.00,9500.00,local.txt,ultima Venta
2025-08-09 13:58:24,20250810135824,Vidrio 5D Tecno Spark Go 2025,1,900.00,10000.00,10000.00,9100.00,local.txt,ultima Venta
2025-08-09 21:58:24,20250810135824,Servicio Tecnico Revision Carga A32,1,0.00,10000.00,10000.00,10000.00,local.txt,ultima Venta
2025-08-10 14:06:04,20250810140604,Recargas,1,35849.00,38000.00,38000.00,2151.00,local.txt,Cliente General
2025-08-10 14:34:03,20250810143403,Vidrio Full Pega Magic 7 Lite,1,7000.00,30000.00,30000.00,23000.00,local.txt,Cliente General
2025-08-10 15:09:41,20250810150941,Hydrogel Xiaomi Redmi Note 14,1,4000.00,20000.00,20000.00,16000.00,local.txt,Cliente General
2025-08-10 15:47:47,20250810154747,Hydrogel Motorola Moto Edge 50 Fusion,1,4000.00,20000.00,20000.00,16000.00,local.txt,Cliente General
2025-08-10 15:50:39,20250810155039,Silicone Case Huawei Honor Magic 6 Lite  / X50 / X9B Azulrey,1,7000.00,20000.00,20000.00,13000.00,local.txt,Cliente General
2025-08-10 15:56:27,20250810155627,Cargador Apple 25W Tc Ligthning,1,13000.00,55000.00,55000.00,42000.00,local.txt,Cliente General
2025-08-10 15:56:27,20250810155627,Silicone Case Apple Iphone X / Xs Rojo,1,7000.00,18000.00,18000.00,11000.00,local.txt,Cliente General
2025-08-10 16:16:37,20250810161637,Guantes Gamer,1,2000.00,10000.00,10000.00,8000.00,local.txt,Cliente General
2025-08-10 16:34:38,20250810163438,Silicone Case Apple Iphone 7 Plus / Iphone 8 Plus Fucsia,1,7000.00,20000.00,20000.00,13000.00,local.txt,Cliente General
2025-08-10 17:13:10,20250810171310,Forro Antichoque Xiaomi Redmi Note 11 Dama,1,3500.00,15000.00,15000.00,11500.00,local.txt,Cliente General
2025-08-10 17:29:25,20250810172925,Hydrogel Xiaomi Redmi 12,1,4000.00,20000.00,20000.00,16000.00,local.txt,Cliente General
2025-08-10 17:31:31,20250810173131,Adaptador Hdmi A Mini Hdmi,1,2000.00,9000.00,9000.00,7000.00,local.txt,Cliente General
2025-08-10 21:03:20,20250810210320,Logica De Carga Motorola Moto G8 Plus,1,15000.00,40000.00,40000.00,25000.00,local.txt,Cliente General
2025-08-10 21:03:20,20250810210320,Cable Caterpillar Tc,1,4500.00,15000.00,15000.00,10500.00,local.txt,Cliente General
2025-08-10 21:05:02,20250810210502,Pacha Motorola Moto G20,1,35000.00,90000.00,90000.00,55000.00,local.txt,Cliente General
2025-08-10 21:05:02,20250810210502,Vidrio 5D Motorola Moto G20 / G30,1,900.00,5000.00,5000.00,4100.00,local.txt,Cliente General
2025-08-10 21:05:02,20250810210502,Silicone Case Motorola Moto G20 / G30 Azulclaro,1,7000.00,20000.00,20000.00,13000.00,local.txt,Cliente General
2025-08-10 21:05:45,20250810210545,Pacha Xiaomi Redmi Note 12,1,42000.00,100000.00,100000.00,58000.00,local.txt,Cliente General
2025-08-10 21:08:27,20250810210827,Pacha Samsung A04,1,40000.00,95000.00,95000.00,55000.00,local.txt,Cliente General
2025-08-10 21:08:27,20250810210827,Vidrio 5D Samsung A12,1,900.00,5000.00,5000.00,4100.00,local.txt,Cliente General
2025-08-10 21:09:21,20250810210921,Pacha Samsung A02S / A03 / A03S / A04E,1,35000.00,90000.00,90000.00,55000.00,local.txt,Cliente General
2025-08-10 21:09:48,20250810210948,Forro Space Apple Iphone 11,1,3500.00,20000.00,20000.00,16500.00,local.txt,Cliente General
2025-08-10 21:11:33,20250810211133,Forro Space Xiaomi Redmi Note 12,1,3500.00,20000.00,20000.00,16500.00,local.txt,Cliente General
2025-08-10 21:11:33,20250810211133,Forro Armadura Xiaomi Redmi Note 8 Rojo,1,6000.00,20000.00,20000.00,14000.00,local.txt,Cliente General
2025-08-10 21:12:00,20250810211200,Cable Belkin Tc,1,2500.00,15000.00,15000.00,12500.00,local.txt,Cliente General
2025-08-10 21:21:36,20250810212136,Cable Apple Tc Ligthning,1,5500.00,20000.00,20000.00,14500.00,local.txt,Cliente General
2025-08-10 21:33:09,20250810213309,Recargas,1,71698.00,76000.00,76000.00,4302.00,local.txt,Cliente General
2025-08-10 23:08:40,20250810230840,Sin Registro,1,15000.00,38000.00,38000.00,23000.00,local.txt,Armando
2025-08-11 15:06:03,20250811150603,Servicio Tecnico Alcatel Reconectar Pantalla,1,0.00,45000.00,45000.00,45000.00,local.txt,Cliente General
2025-08-11 15:06:26,20250811150626,Pilas Carbon Maxday Aaa X2,1,600.00,4000.00,4000.00,3400.00,local.txt,Cliente General
2025-08-11 15:08:58,20250811150858,Servicio Tecnico Xiaomi Ajustar Flex De Carga Redmi Note 9,1,0.00,5000.00,5000.00,5000.00,local.txt,Cliente General
2025-08-11 19:13:08,20250811191308,Vidrio Templado Samsung S23 Plus,1,900.00,10000.00,10000.00,9100.00,local.txt,Lucho Arepas
2025-08-11 19:13:08,20250811191308,Vidrio Templado Apple Iphone 13 Pro Max,1,900.00,10000.00,10000.00,9100.00,local.txt,Lucho Arepas
2025-08-11 19:15:28,20250811191528,Bateria Huawei Y9 2019,1,20000.00,42000.00,42000.00,22000.00,local.txt,Cliente General
2025-08-11 19:15:59,20250811191559,Silicone Case Infinix Hot 50I Lila,1,7000.00,20000.00,20000.00,13000.00,local.txt,Cliente General
2025-08-11 19:23:07,20250811192307,Silicone Case Apple Iphone 16 Pro Max Rojo,1,7000.00,20000.00,20000.00,13000.00,local.txt,Cliente General
2025-08-11 19:23:07,20250811192307,Forro Cargador Apple Stich,1,6000.00,20000.00,20000.00,14000.00,local.txt,Cliente General
2025-08-11 19:23:07,20250811192307,Cable Apple Usb Ligthning,1,3000.00,15000.00,15000.00,12000.00,local.txt,Cliente General
2025-08-11 19:23:07,20250811192307,Vidrio Blindado Apple Iphone 16 Pro,1,1600.00,20000.00,20000.00,18400.00,local.txt,Cliente General
2025-08-11 19:31:23,20250811193123,Vidrio Blindado Tecno Spark Go 2025,1,1600.00,20000.00,20000.00,18400.00,local.txt,Cliente General
2025-08-11 19:32:53,20250811193253,Servicio Tecnico Samsung Ajustar Bateria A24,1,0.00,5000.00,5000.00,5000.00,local.txt,Cliente General
2025-08-11 19:33:09,20250811193309,Servicio Tecnico Apple Ajustar Pantalla Iphone Xr,1,0.00,5000.00,5000.00,5000.00,local.txt,Cliente General
2025-08-11 19:33:32,20250811193332,Manos Libres Samsung Akg,1,3300.00,15000.00,15000.00,11700.00,local.txt,Cliente General
2025-08-11 19:34:00,20250811193400,Manos Libres Samsung J5 Blanco,1,2300.00,10000.00,10000.00,7700.00,local.txt,Cliente General
2025-08-11 19:35:52,20250811193552,Forro Antichoque Cadena Infinix Hot 50 Pro Plus,1,3500.00,18000.00,18000.00,14500.00,local.txt,Cliente General
2025-08-11 19:57:35,20250811195735,Vidrio 5D Huawei Y6P,1,900.00,10000.00,10000.00,9100.00,local.txt,Cliente General
2025-08-11 19:57:35,20250811195735,Vidrio 5D Xiaomi Redmi 13C / Honor X7 X7A / Realme C51-53,1,900.00,10000.00,10000.00,9100.00,local.txt,Cliente General
2025-08-11 20:01:40,20250811200140,Recargas,1,52358.00,55500.00,55500.00,3142.00,local.txt,Cliente General
2025-08-11 20:11:36,20250811201136,Recargas,1,4245.00,4500.00,4500.00,255.00,local.txt,Cliente General
2025-08-11 20:15:59,20250811201559,Recargas,1,11321.00,12000.00,12000.00,679.00,local.txt,Cliente General
2025-08-11 20:58:22,20250811205822,Forro Space Magsafe Apple Iphone 11 Pro max,1,6000.00,22000.00,22000.00,16000.00,local.txt,Cliente General
2025-08-11 20:58:22,20250811205822,Vidrio Antiespia Apple Iphone 11 Pro Max,1,1600.00,20000.00,20000.00,18400.00,local.txt,Cliente General
2025-08-11 20:59:28,20250811205928,Recargas,1,20755.00,22000.00,22000.00,1245.00,local.txt,Cliente General
2025-08-11 21:03:26,20250811210326,Cable Apple Tc Ligthning 2M,1,6000.00,25000.00,25000.00,19000.00,local.txt,Cliente General
2025-08-11 21:26:03,20250812142603,Vidrio 5D Xiaomi Redmi Note 13 / Note 14,1,900.00,10000.00,10000.00,9100.00,local.txt,Cliente General
2025-08-12 14:29:42,20250812142942,Cargador Pluying X8 Modulador 12-24V 3.1A,1,10000.00,30000.00,30000.00,20000.00,local.txt,Cliente General
2025-08-12 19:06:25,20250812190625,Carga y Juega Xbox 360,1,10000.00,25000.00,25000.00,15000.00,local.txt,Cliente General
2025-08-12 19:08:02,20250812190802,Servicio Tecnico Krono Pin de Carga Tablet Kids,1,0.00,30000.00,30000.00,30000.00,local.txt,Cliente General
2025-08-12 19:08:02,20250812190802,Servicio Tecnico Huawei Pin de Carga Y9 2019,1,0.00,20000.00,20000.00,20000.00,local.txt,Cliente General
2025-08-12 19:19:53,20250812191953,Silicone Case Samsung A36 Azuloscuro,1,7000.00,20000.00,20000.00,13000.00,local.txt,Cliente General
2025-08-12 19:19:53,20250812191953,Cargador Samsung 45W Cabeza Blanco,1,13000.00,45000.00,45000.00,32000.00,local.txt,Cliente General
2025-08-12 19:19:53,20250812191953,Simcard Claro,1,1200.00,5000.00,5000.00,3800.00,local.txt,Cliente General
2025-08-12 19:19:53,20250812191953,Vidrio Blindado Samsung A36,1,1600.00,20000.00,20000.00,18400.00,local.txt,Cliente General
2025-08-12 19:21:19,20250812192119,Cargador Smartwatch Magnetico,1,12000.00,25000.00,25000.00,13000.00,local.txt,Cliente General
2025-08-12 19:21:48,20250812192148,Vidrio 5D Samsung A32 4G,1,900.00,10000.00,10000.00,9100.00,local.txt,Cliente General
2025-08-12 19:23:28,20250812192328,Vidrio Blindado Samsung A36,1,1600.00,20000.00,20000.00,18400.00,local.txt,Cliente General
2025-08-12 19:24:30,20250812192430,Servicio Tecnico Frp Infinix Hot 40I,1,0.00,40000.00,40000.00,40000.00,local.txt,Cliente General
2025-08-12 19:26:00,20250812192600,Forro Antichoque Samsung A02s Dama,1,3500.00,15000.00,15000.00,11500.00,local.txt,Cliente General
2025-08-12 19:32:28,20250812193228,Reproductor Tdt Tg,1,38000.00,65000.00,65000.00,27000.00,local.txt,Cliente General
2025-08-12 19:33:16,20250812193316,Recargas,1,1887.00,2000.00,2000.00,113.00,local.txt,Cliente General
2025-08-12 19:41:16,20250812194116,Vidrio Templado Xiaomi Redmi Note 9s / 9 Pro,1,900.00,10000.00,10000.00,9100.00,local.txt,Cliente General
2025-08-12 21:11:11,20250812211111,Silicone Case Iphone 11 Pro Max Rosa,1,7000.00,18000.00,18000.00,11000.00,local.txt,Cliente General
2025-08-12 21:14:17,20250812211417,Recargas,1,7075.00,7500.00,7500.00,425.00,local.txt,Cliente General
2025-08-12 21:15:07,20250812211507,Servicio Tecnico Xiaomi Encender Poco X3,1,0.00,10000.00,10000.00,10000.00,local.txt,Cliente General
2025-08-13 14:04:56,20250813140456,Vidrio Blindado Tecno Spark Go 2025,1,1600.00,15000.00,15000.00,13400.00,local.txt,Cliente General
2025-08-13 14:04:56,20250813140456,Vidrio 5D Motorola Moto G8 Play,1,900.00,10000.00,10000.00,9100.00,local.txt,Cliente General
2025-08-13 14:12:39,20250813141239,Forro Antichoque Samsung A13 Dama,1,3500.00,15000.00,15000.00,11500.00,local.txt,Cliente General
2025-08-13 14:56:22,20250813145622,Silicone Case Huawei Y9 Prime Rojo,1,7000.00,20000.00,20000.00,13000.00,local.txt,Cliente General
2025-08-13 14:56:22,20250813145622,Vidrio Ceramico Huawei Y9 Prime,1,800.00,10000.00,10000.00,9200.00,local.txt,Cliente General
2025-08-13 15:01:56,20250813150156,Servicio Tecnico Apple Mntenimiento Puerto de Carga Iphone 6,1,0.00,15000.00,15000.00,15000.00,local.txt,Cliente General
2025-08-13 16:27:06,20250813162706,Audifonos Bluetooth Innoval Cuellera Bt-15,1,45000.00,75000.00,75000.00,30000.00,local.txt,Cliente General
2025-08-13 16:30:00,20250813163000,Servicio Tecnico Huawei Pegar Pantalla Y9 2019,1,0.00,10000.00,10000.00,10000.00,local.txt,Cliente General
2025-08-13 16:30:00,20250813163000,Silicone Case Huawei Y9 2019 / Y8S Verde,1,7000.00,20000.00,20000.00,13000.00,local.txt,Cliente General
2025-08-13 16:31:29,20250813163129,Vidrio 5D Samsung A12,1,900.00,10000.00,10000.00,9100.00,local.txt,Cliente General
2025-08-13 16:31:29,20250813163129,Servicio Tecnico Xiaomi Configuracion Pantalla Redmi A1,1,0.00,5000.00,5000.00,5000.00,local.txt,Cliente General
2025-08-13 16:37:24,20250813163724,Control Tv Universal,1,7000.00,20000.00,20000.00,13000.00,local.txt,Cliente General
2025-08-13 16:37:24,20250813163724,Pilas Carbon Maxday Aaa X2,1,600.00,4000.00,4000.00,3400.00,local.txt,Cliente General
2025-08-13 19:40:00,20250813194000,Recargas,1,7075.00,7500.00,7500.00,425.00,local.txt,Cliente General
2025-08-13 19:42:55,20250813194255,Servicio Tecnico Motorola Mantenimiento Logica E40,1,0.00,15000.00,15000.00,15000.00,local.txt,Cliente General
2025-08-13 19:43:14,20250813194314,Servicio Tecnico Apple Mantenimiento Logica Iphone 11,1,0.00,15000.00,15000.00,15000.00,local.txt,Cliente General
2025-08-13 19:45:52,20250813194552,Cable V8 Eco,1,1000.00,10000.00,10000.00,9000.00,local.txt,Cliente General
2025-08-13 19:46:17,20250813194617,Vidrio 5D Samsung A31,1,900.00,10000.00,10000.00,9100.00,local.txt,Cliente General
2025-08-13 19:51:24,20250814134124,Recargas,1,20755.00,22000.00,22000.00,1245.00,local.txt,Cliente General
2025-08-14 13:52:05,20250814135205,Cargador Cubo Eco,2,2000.00,10000.00,20000.00,16000.00,local.txt,Cliente General
2025-08-14 14:58:48,20250814145848,Silicone Case Infinix Hot 50I / Smart 9 Rojo,1,7000.00,20000.00,20000.00,13000.00,local.txt,Cliente General
2025-08-14 14:58:48,20250814145848,Vidrio 5D Redmi Note 12,1,900.00,10000.00,10000.00,9100.00,local.txt,Cliente General
2025-08-14 14:58:48,20250814145848,Pacha Tecno - Infinix Spark Go 2025 / 30C / Go 1 / Smart 9,1,40000.00,100000.00,100000.00,60000.00,local.txt,Cliente General
2025-08-14 15:39:24,20250814153924,Forro Antichoque Samsung A22 5G Dama,1,3500.00,15000.00,15000.00,11500.00,local.txt,Cliente General
2025-08-14 15:39:24,20250814153924,Vidrio Templado Samsung A22 5G,1,900.00,10000.00,10000.00,9100.00,local.txt,Cliente General
2025-08-14 16:09:27,20250814160927,Vidiro 5D Huawei Y7 Prime,1,900.00,10000.00,10000.00,9100.00,local.txt,Cliente General
2025-08-14 16:49:50,20250814164950,Vidrio Camara Samsung A16,1,8000.00,20000.00,20000.00,12000.00,local.txt,Cliente General
2025-08-14 16:50:22,20250814165022,Cable Belkin Tc,1,2500.00,12000.00,12000.00,9500.00,local.txt,Cliente General
2025-08-14 16:56:03,20250814165603,Cable Poder Grabadora,1,2500.00,12000.00,12000.00,9500.00,local.txt,Cliente General
2025-08-14 17:32:13,20250814173213,Smartphone Redmi 14C 867664075580766 256/8,1,375000.00,510000.00,510000.00,135000.00,local.txt,Alexa Lozada
2025-08-14 17:32:13,20250814173213,Silicone Case Xiaomi Redmi 14C Fucsia,1,7000.00,20000.00,20000.00,13000.00,local.txt,Alexa Lozada
2025-08-14 17:32:13,20250814173213,Vidrio Blindado Xiaomi Redmi 14C / A5 / A3,1,1600.00,20000.00,20000.00,18400.00,local.txt,Alexa Lozada
2025-08-14 17:33:27,20250814173327,Forro Antichoque Huawei Y9 2019 / Y8S Caballero,1,3500.00,15000.00,15000.00,11500.00,local.txt,Cliente General
2025-08-14 17:33:27,20250814173327,Vidrio 5D huawei Y9 2019 / Y8s,1,900.00,10000.00,10000.00,9100.00,local.txt,Cliente General
2025-08-14 17:42:16,20250814174216,Cable Rca 3 A 3 1.5M,1,3500.00,12000.00,12000.00,8500.00,local.txt,Cliente General
2025-08-14 17:56:46,20250814175646,Forro Space Xiaomi Redmi Note 13 Pro 4G,1,3500.00,20000.00,20000.00,16500.00,local.txt,Cliente General
2025-08-14 17:56:46,20250814175646,Vidrio Blindado Xiaomi Redmi Note 13 / Note 14,1,1600.00,20000.00,20000.00,18400.00,local.txt,Cliente General
2025-08-14 17:57:48,20250814175748,Cable Caterpillar Tc,1,4500.00,14000.00,14000.00,9500.00,local.txt,Yorman
2025-08-14 18:02:38,20250814180238,Recargas,1,22170.00,23500.00,23500.00,1330.00,local.txt,Cliente General
2025-08-14 18:04:36,20250814180436,Impresiones,1,0.00,5000.00,5000.00,5000.00,local.txt,Cliente General
2025-08-14 18:11:13,20250814181113,Vidrio Camara Xiaomi Note 13 Pro Plus,4,1500.00,6000.00,24000.00,18000.00,local.txt,Cliente General
2025-08-14 19:01:45,20250814190145,Hydrogel Motorola Moto Edge 60 Fusion,1,4000.00,20000.00,20000.00,16000.00,local.txt,Cliente General
2025-08-14 19:02:17,20250814190217,Cable Auxiliar 1 a 1 Eco,1,1000.00,10000.00,10000.00,9000.00,local.txt,Cliente General
2025-08-14 19:47:27,20250814194727,Silicone Case Vivo Y38 Negro,1,7000.00,20000.00,20000.00,13000.00,local.txt,Cliente General
2025-08-14 19:47:27,20250814194727,Forro Antichoque Cadena Tecno Spark 20 Pro Plus,1,6000.00,20000.00,20000.00,14000.00,local.txt,Cliente General
2025-08-14 19:47:54,20250814194754,Vidrio 5D Apple Iphone 11 / Xr,1,900.00,10000.00,10000.00,9100.00,local.txt,Cliente General
2025-08-14 19:55:29,20250814195529,Silicone Case Samsung A26 Negro,1,7000.00,20000.00,20000.00,13000.00,local.txt,Cliente General
2025-08-14 19:59:02,20250814195902,Llavero Figura,1,5000.00,10000.00,10000.00,5000.00,local.txt,Cliente General
2025-08-14 21:02:26,20250814210226,Llavero Figura,1,5000.00,10000.00,10000.00,5000.00,local.txt,Cliente General
2025-08-14 21:05:06,20250814210506,Recargas,1,7075.00,7500.00,7500.00,425.00,local.txt,Cliente General
2025-08-15 21:58:14,20250815215814,Silicone Case Samsung A35 Rojo,1,7000.00,20000.00,20000.00,13000.00,local.txt,Cliente General
2025-08-15 21:59:03,20250815215903,Pacha Samsung A11,1,38000.00,95000.00,95000.00,57000.00,local.txt,Cliente General
2025-08-15 21:59:30,20250815215930,Simcard Claro,1,1200.00,5000.00,5000.00,3800.00,local.txt,Cliente General
2025-08-15 22:00:09,20250815220009,Silicone Case Samsung A36 Rojo,1,7000.00,20000.00,20000.00,13000.00,local.txt,Cliente General
2025-08-15 22:01:02,20250815220102,Forro Antichoque Oppo A40 Caballero,1,3500.00,15000.00,15000.00,11500.00,local.txt,Cliente General
2025-08-15 22:01:46,20250815220146,Servicio Tecnico Pin de Carga Parlante,1,0.00,25000.00,25000.00,25000.00,local.txt,Cliente General
2025-08-15 22:05:38,20250815220538,Servicio Tecnico Samsung Pin de Carga A10s,1,0.00,25000.00,25000.00,25000.00,local.txt,Cliente General
2025-08-15 22:05:38,20250815220538,Cargador Vidvie V8 18W,1,12000.00,35000.00,35000.00,23000.00,local.txt,Cliente General
2025-08-15 22:05:38,20250815220538,Silicone Case Samsung A10S Negro,1,7000.00,20000.00,20000.00,13000.00,local.txt,Cliente General
2025-08-15 22:05:38,20250815220538,Flex De Power Samsung A10s,1,5000.00,15000.00,15000.00,10000.00,local.txt,Cliente General
2025-08-15 22:05:38,20250815220538,Simcard Wom,1,1500.00,5000.00,5000.00,3500.00,local.txt,Cliente General
2025-08-15 22:06:22,20250815220622,Hydrogel Mate Huawei Honor Magic 7 Lite,1,4000.00,20000.00,20000.00,16000.00,local.txt,Cliente General
2025-08-15 22:07:04,20250815220704,Silicone Case Samsung A52 Arcoiris,1,7000.00,20000.00,20000.00,13000.00,local.txt,Cliente General
2025-08-15 22:08:10,20250815220810,Servicio Tecnico Vivo Mantenimiento Pin Y15,1,0.00,15000.00,15000.00,15000.00,local.txt,Cliente General
2025-08-15 22:08:27,20250815220827,Simcard Claro,1,1200.00,5000.00,5000.00,3800.00,local.txt,Cliente General
2025-08-15 22:08:48,20250815220848,Pacha Xiaomi Redmi Note 11 / Note 12S,1,48000.00,95000.00,95000.00,47000.00,local.txt,Cliente General
2025-08-15 22:10:00,20250815221000,Celular Thor Rompemuros,1,110000.00,175000.00,175000.00,65000.00,local.txt,Cliente General
2025-08-15 22:10:00,20250815221000,Simcard Movistar,1,0.00,5000.00,5000.00,5000.00,local.txt,Cliente General
2025-08-15 22:11:56,20250815221156,Adaptador Hub + Hdmi y Lan,1,40000.00,70000.00,70000.00,30000.00,local.txt,Cliente General
2025-08-15 22:12:16,20250815221216,Cargador Yl V8,1,4500.00,25000.00,25000.00,20500.00,local.txt,Cliente General
2025-08-15 22:13:10,20250815221310,vidrio Tortuga Xiaomi Redmi Note 12 Pro,1,1100.00,15000.00,15000.00,13900.00,local.txt,Cliente General
2025-08-15 22:15:50,20250815221550,Vidrio 5D Motorola Moto G04 / Moto G24,1,900.00,10000.00,10000.00,9100.00,local.txt,Cliente General
2025-08-15 22:15:50,20250815221550,Vidrio 5D Tecno Spark 10 Pro,1,900.00,10000.00,10000.00,9100.00,local.txt,Cliente General
2025-08-15 22:15:50,20250815221550,Vidrio 5D Samsung A12,2,900.00,10000.00,20000.00,18200.00,local.txt,Cliente General
2025-08-15 22:15:50,20250815221550,Forro Antichoque Samsung A54 Caballero,1,3500.00,12000.00,12000.00,8500.00,local.txt,Cliente General
2025-08-15 22:18:58,20250815221858,Vidrio 5D Xiaomi Redmi 9A / 9C / 10A,1,900.00,10000.00,10000.00,9100.00,local.txt,Cliente General
2025-08-15 22:18:58,20250815221858,Forro Antichoque Xiaomi Redmi 9A Caballero,1,3500.00,15000.00,15000.00,11500.00,local.txt,Cliente General
2025-08-15 22:18:58,20250815221858,Forro Antichoque Samsung A03 Caballero,1,3500.00,15000.00,15000.00,11500.00,local.txt,Cliente General
2025-08-15 22:22:54,20250815222254,Pacha Tecno - Infinix Spark Go 2020 / 6Go / Hot 10i,1,40000.00,95000.00,95000.00,55000.00,local.txt,Cliente General
2025-08-15 22:22:54,20250815222254,Vidrio 5D Samsung A12,1,900.00,5000.00,5000.00,4100.00,local.txt,Cliente General
2025-08-15 22:23:53,20250815222353,Recargas,1,69811.00,74000.00,74000.00,4189.00,local.txt,Cliente General
2025-08-15 22:28:20,20250815222820,Smartphone Infinix Smart 10 351389360145413/66132605 256/8,1,380000.00,500000.00,500000.00,120000.00,local.txt,Veronica
2025-08-15 22:33:13,20250815223313,Sin Registro,1,35000.00,85000.00,85000.00,50000.00,local.txt,Cliente General
2025-08-16 20:08:28,20250816200828,Cable Vga 5M,1,4500.00,20000.00,20000.00,15500.00,local.txt,Cliente General
2025-08-16 20:11:13,20250816201113,Forro Antichoque Cadena Motorola Moto G04,1,6000.00,20000.00,20000.00,14000.00,local.txt,Cliente General
2025-08-16 20:11:44,20250816201144,Juguete Labubu,1,28000.00,47000.00,47000.00,19000.00,local.txt,Cliente General
2025-08-16 20:12:37,20250816201237,Pila Reloj Beston Cr-2032,1,800.00,5000.00,5000.00,4200.00,local.txt,Cliente General
2025-08-16 20:15:50,20250816201550,Pacha Motorola Moto G9 Power,1,38000.00,95000.00,95000.00,57000.00,local.txt,Cliente General
2025-08-16 20:15:50,20250816201550,Vidrio Blindado Motorola Moto G9 Power,1,900.00,15000.00,15000.00,14100.00,local.txt,Cliente General
2025-08-16 20:15:50,20250816201550,Silicone Case Motorola Moto G9 Power Negro,1,7000.00,20000.00,20000.00,13000.00,local.txt,Cliente General
2025-08-16 20:17:02,20250816201702,Guantes Gamer,1,2000.00,10000.00,10000.00,8000.00,local.txt,Cliente General
2025-08-16 20:19:17,20250816201917,Pacha Xiaomi Redmi A3,1,43000.00,100000.00,100000.00,57000.00,local.txt,Cliente General
2025-08-16 20:20:31,20250816202031,Cargador Pluying Royal 38W,1,12000.00,30000.00,30000.00,18000.00,local.txt,Jose Cuervo
2025-08-16 20:21:04,20250816202104,Cargador Samsung S10+ Tc,1,6000.00,25000.00,25000.00,19000.00,local.txt,Cliente General
2025-08-16 20:21:54,20250816202154,Aro de Luz Joma 26Cm Rgb,1,30000.00,60000.00,60000.00,30000.00,local.txt,Cliente General
2025-08-16 20:22:24,20250816202224,Audifonos Bluetooth Pro 60,1,18000.00,75000.00,75000.00,57000.00,local.txt,Cliente General
2025-08-16 20:24:28,20250816202428,Silicone Case Samsung S24 Negro,1,7000.00,20000.00,20000.00,13000.00,local.txt,Cliente General
2025-08-16 20:26:39,20250816202639,Forro Audifonos Pantalla Rosa,1,6000.00,20000.00,20000.00,14000.00,local.txt,Cliente General
2025-08-16 20:27:40,20250816202740,Pacha Motorola Moto G22 / E32,1,38000.00,95000.00,95000.00,57000.00,local.txt,Cliente General
2025-08-16 20:27:40,20250816202740,Vidrio 5D Motorola Moto G22 / E32,1,900.00,5000.00,5000.00,4100.00,local.txt,Cliente General
2025-08-16 20:28:45,20250816202845,Cable Poder Taser,1,2000.00,10000.00,10000.00,8000.00,local.txt,Cliente General
2025-08-16 20:29:57,20250816202957,Cable Extensor Usb Macho Hembra 2M,1,2000.00,10000.00,10000.00,8000.00,local.txt,Cliente General
2025-08-16 20:31:31,20250816203131,Silicone Case Motorola Moto Edge 40 Negro,1,7000.00,20000.00,20000.00,13000.00,local.txt,Cliente General
2025-08-16 20:33:03,20250816203303,Servicio Tecnico Xiaomi Pin De Carga Redmi 12C,1,0.00,20000.00,20000.00,20000.00,local.txt,Cliente General
2025-08-16 20:33:03,20250816203303,Vidrio 5d Xiaomi Redmi 10C / 12C,1,900.00,10000.00,10000.00,9100.00,local.txt,Cliente General
2025-08-16 20:33:43,20250816203343,Recargas,1,50000.00,53000.00,53000.00,3000.00,local.txt,Cliente General
2025-08-16 22:49:45,20250816224945,Guantes Gamer,1,2000.00,10000.00,10000.00,8000.00,local.txt,Cliente General
2025-08-16 22:52:20,20250817082220,Hydrogel Apple Iphone 13 Pro Max,1,4000.00,20000.00,20000.00,16000.00,local.txt,Migdalia Lizarazo
2025-08-17 10:48:16,20250817104816,Forro Antichoque Cadena Xiaomi Redmi 9A,1,6000.00,20000.00,20000.00,14000.00,local.txt,Cliente General
2025-08-17 10:53:30,20250817105330,Forro Armadura Samsung A32 Negro,1,6000.00,22000.00,22000.00,16000.00,local.txt,Cliente General
2025-08-17 11:11:42,20250817111142,Llavero Figura,1,5000.00,10000.00,10000.00,5000.00,local.txt,Cliente General
2025-08-17 11:12:18,20250817111218,Cable Apple Tc Ligthning,1,5000.00,20000.00,20000.00,15000.00,local.txt,Cliente General
2025-08-17 12:31:47,20250817123147,Cable Belkin V8,1,2500.00,12000.00,12000.00,9500.00,local.txt,Cliente General
2025-08-17 12:38:56,20250817123856,Forro Antichoque Huawei Honor X6A / Play 9A Caballero,1,3500.00,15000.00,15000.00,11500.00,local.txt,Cliente General
2025-08-17 12:50:22,20250817125022,Recargas,1,14151.00,15000.00,15000.00,849.00,local.txt,Cliente General
2025-08-17 13:41:43,20250817134143,Servicio Tecnico Samsung Recuperar cuenta y formateo A21s,1,0.00,26000.00,26000.00,26000.00,local.txt,Cliente General
2025-08-17 14:15:01,20250817141501,Forro Antichoque Xiaomi Redmi 13C Dama,1,3500.00,15000.00,15000.00,11500.00,local.txt,Cliente General
2025-08-17 14:16:41,20250817141641,Servicio Tecnico Samsung Formateo A04,1,0.00,12000.00,12000.00,12000.00,local.txt,Cliente General
2025-08-17 14:16:41,20250817141641,Pop Socket Figura,1,3000.00,10000.00,10000.00,7000.00,local.txt,Cliente General
2025-08-17 14:45:08,20250817144508,Manos Libres Samsung J5 Negro,1,2300.00,10000.00,10000.00,7700.00,local.txt,Cliente General
2025-08-17 14:45:43,20250817144543,Cable Apple Tc Ligthning,1,5000.00,20000.00,20000.00,15000.00,local.txt,Cliente General
2025-08-17 14:48:48,20250817144848,Forro Armadura Oppo A80 Negro,1,6000.00,20000.00,20000.00,14000.00,local.txt,Cliente General
2025-08-17 14:53:15,20250817145315,Forro Armadura Xiaomi Redmi Note 10 / Note 10S Negro,1,6000.00,22000.00,22000.00,16000.00,local.txt,Cliente General
2025-08-17 15:08:24,20250817150824,Recargas,1,30189.00,32000.00,32000.00,1811.00,local.txt,Cliente General
2025-08-17 16:37:19,20250817163719,Vidrio Ceramico Samsung A35 / A55,1,800.00,10000.00,10000.00,9200.00,local.txt,Cliente General
2025-08-17 16:39:46,20250817163946,Vidrio Tortuga Samsung A25,1,1100.00,15000.00,15000.00,13900.00,local.txt,Cliente General
2025-08-17 16:49:47,20250817164947,Smart Watch Gw-20,1,70000.00,130000.00,130000.00,60000.00,local.txt,Jefferson Salamanca
2025-08-17 16:49:47,20250817164947,Memoria Musica Llanera,1,3500.00,10000.00,10000.00,6500.00,local.txt,Jefferson Salamanca
2025-08-17 16:49:47,20250817164947,Memoria Musica Vallenatos Clasicos,1,3500.00,10000.00,10000.00,6500.00,local.txt,Jefferson Salamanca
2025-08-17 16:49:47,20250817164947,Parlante Harvic Pr-801,1,48000.00,90000.00,90000.00,42000.00,local.txt,Jefferson Salamanca
2025-08-17 16:51:00,20250817165100,Llavero Figura,1,5000.00,12000.00,12000.00,7000.00,local.txt,Cliente General
2025-08-17 17:22:41,20250817172241,Vidrio Blindado Xiaomi Redmi 14C / A5 / A3,1,1600.00,20000.00,20000.00,18400.00,local.txt,Cliente General
2025-08-17 17:22:41,20250817172241,Reproductor Tv Stick Magis,1,60000.00,130000.00,130000.00,70000.00,local.txt,Cliente General
2025-08-17 17:48:04,20250817174804,Simcard Claro,1,0.00,5000.00,5000.00,5000.00,local.txt,Cliente General
2025-08-17 17:49:36,20250817174936,Adaptador Usb Sata 3.0 Tc y Usb,1,15000.00,35000.00,35000.00,20000.00,local.txt,Cliente General
2025-08-17 18:24:52,20250817182452,Pacha Oppo A17 / A38 / A57 / A77,1,35000.00,95000.00,95000.00,60000.00,local.txt,Cliente General
2025-08-17 18:24:52,20250817182452,Vidrio 5D Samsung A12,1,900.00,5000.00,5000.00,4100.00,local.txt,Cliente General
2025-08-17 18:26:58,20250817182658,Recargas,1,7075.00,7500.00,7500.00,425.00,local.txt,Cliente General
2025-08-17 18:27:56,20250817182756,Recargas,1,4717.00,5000.00,5000.00,283.00,local.txt,Cliente General
2025-08-17 18:54:44,20250817185444,Servicio Tecnico Xiaomi Pin De Carga Redmi 12C,1,0.00,25000.00,25000.00,25000.00,local.txt,Cliente General
2025-08-17 19:11:02,20250817191102,Silicone Case Xiaomi Redmi Note 10 Pro Rosa,1,7000.00,20000.00,20000.00,13000.00,local.txt,Cliente General
2025-08-17 19:11:02,20250817191102,Vidrio 5D Xiaomi Redmi Note 9s / 9 Pro,1,900.00,10000.00,10000.00,9100.00,local.txt,Cliente General
2025-08-17 19:12:37,20250817191237,Audifonos Bluetooth Pro 60,1,18000.00,65000.00,65000.00,47000.00,local.txt,Cliente General
2025-08-17 19:12:37,20250817191237,Forro Antichoque Xiaomi Redmi Note 9 Caballero,1,3500.00,15000.00,15000.00,11500.00,local.txt,Cliente General
2025-08-17 19:13:52,20250817191352,Vidrio 5D Apple Iphone 13 Pro Max,1,900.00,10000.00,10000.00,9100.00,local.txt,Cliente General
2025-08-17 19:13:52,20250817191352,Vidrio Tortuga Xiaomi Redmi Note 13 / Note 14,1,1100.00,15000.00,15000.00,13900.00,local.txt,Cliente General
2025-08-17 19:13:52,20250817191352,Silicone Case Xiaomi Redmi Note 13 4G Rojo,1,7000.00,20000.00,20000.00,13000.00,local.txt,Cliente General
2025-08-17 19:14:49,20250817191449,Cable Apple Tc Ligthning 2M,1,6000.00,25000.00,25000.00,19000.00,local.txt,Cliente General
2025-08-17 19:18:15,20250817191815,Recargas,1,3774.00,4000.00,4000.00,226.00,local.txt,Cliente General
2025-08-17 19:27:43,20250817192743,Simcard Claro,1,0.00,5000.00,5000.00,5000.00,local.txt,Cliente General
2025-08-17 19:51:23,20250817195123,Recargas,1,8019.00,8500.00,8500.00,481.00,local.txt,Cliente General
2025-08-17 20:51:05,20250817205105,Forro Antichoque Xiaomi Redmi 12 Dama,1,3500.00,15000.00,15000.00,11500.00,local.txt,Cliente General
2025-08-17 20:51:05,20250817205105,Vidrio 5D Xiaomi Redmi 12,1,900.00,10000.00,10000.00,9100.00,local.txt,Cliente General
2025-08-17 20:51:05,20250817205105,Pacha Xiaomi Redmi 12,1,42000.00,100000.00,100000.00,58000.00,local.txt,Cliente General
2025-08-17 20:51:05,20250817205105,Vidrio 5D Apple Iphone 11 / Xr,1,900.00,10000.00,10000.00,9100.00,local.txt,Cliente General
2025-08-17 20:51:05,20250817205105,Recargas,1,7050.00,7500.00,7500.00,450.00,local.txt,Cliente General
2025-08-17 20:51:28,20250817205128,Vidrio Antiespia Apple Iphone 13 Pro Max,1,1600.00,20000.00,20000.00,18400.00,local.txt,Cliente General
2025-08-17 21:06:05,20250817210605,Vidrio Ceramico Tecno Spark 10 Pro,1,800.00,5000.00,5000.00,4200.00,local.txt,Cliente General
2025-08-17 21:06:05,20250817210605,Pacha Tecno - Infinix Spark 10 Pro / Pova 5 / Hot 30 / Note 30,1,48000.00,95000.00,95000.00,47000.00,local.txt,Cliente General
2025-08-18 11:54:14,20250818115414,Simcard Tigo,1,0.00,5000.00,5000.00,5000.00,local.txt,Cliente General
2025-08-18 12:51:59,20250818125159,Simcard Claro,1,0.00,5000.00,5000.00,5000.00,local.txt,Cliente General
2025-08-18 12:52:19,20250818125219,Cable Belkin Tc,1,2500.00,15000.00,15000.00,12500.00,local.txt,Cliente General
2025-08-18 13:05:33,20250818130533,Pacha Motorola Moto G8 Play / One Macro,1,35000.00,95000.00,95000.00,60000.00,local.txt,Cliente General
2025-08-18 13:06:35,20250818130635,Recargas,1,22170.00,23500.00,23500.00,1330.00,local.txt,Cliente General
2025-08-18 13:08:08,20250818130808,Simcard Movistar,1,0.00,5000.00,5000.00,5000.00,local.txt,Cliente General
2025-08-18 13:25:30,20250818132530,Simcard Tigo,1,0.00,5000.00,5000.00,5000.00,local.txt,Cliente General
2025-08-18 13:25:30,20250818132530,Vidrio 5D Motorola Moto G8 Play,1,900.00,5000.00,5000.00,4100.00,local.txt,Cliente General
2025-08-18 13:25:30,20250818132530,Forro Antichoque Motorola Moto G8 Play / One Macro Dama,1,3500.00,15000.00,15000.00,11500.00,local.txt,Cliente General
2025-08-18 13:26:54,20250818132654,Servicio Tecnico Motorola Formatear Moto G32,1,0.00,15000.00,15000.00,15000.00,local.txt,Cliente General
2025-08-18 13:27:39,20250818132739,Recargas,1,8019.00,8500.00,8500.00,481.00,local.txt,Cliente General
2025-08-18 13:38:48,20250818133848,Cargador Samsung 25W Cabeza Negro,1,9000.00,35000.00,35000.00,26000.00,local.txt,Cliente General
2025-08-18 14:10:19,20250818141019,Vidrio Tortuga Samsung A25,1,1100.00,15000.00,15000.00,13900.00,local.txt,Cliente General
2025-08-18 14:10:19,20250818141019,Silicone Case Samsung A25 Rosa,1,7000.00,20000.00,20000.00,13000.00,local.txt,Cliente General
2025-08-18 14:33:14,20250818143314,Vidrio 5D Xiaomi Redmi Note 8,1,900.00,10000.00,10000.00,9100.00,local.txt,Cliente General
2025-08-18 14:33:14,20250818143314,Vidrio 5D Huawei Honor X7B,1,900.00,10000.00,10000.00,9100.00,local.txt,Cliente General
2025-08-18 14:33:14,20250818143314,Forro Antichoque Huawei Honor X7C / 200 Smart Caballero,1,3500.00,15000.00,15000.00,11500.00,local.txt,Cliente General
2025-08-18 14:33:39,20250818143339,Vidrio Blindado Xiaomi Redmi Note 13 / Note 14,1,1600.00,20000.00,20000.00,18400.00,local.txt,Cliente General
2025-08-18 15:30:50,20250818153050,Holder Chupa Parabrisas,1,7000.00,20000.00,20000.00,13000.00,local.txt,Cliente General
2025-08-18 15:38:16,20250818153816,Vidrio Tortuga Apple Iphone 16 Pro,1,1100.00,15000.00,15000.00,13900.00,local.txt,Cliente General
2025-08-18 15:39:32,20250818153932,Adaptador Spliter Audio 2 Machos 1 Hembra,1,3000.00,15000.00,15000.00,12000.00,local.txt,Cliente General
2025-08-18 20:03:54,20250818200354,Cargador Maxday Carga Pilas Universal,1,12000.00,25000.00,25000.00,13000.00,local.txt,Cliente General
2025-08-18 20:05:20,20250818200520,Servicio Tecnico Xiaomi mantenimiento Logica de Carga Note 11,1,0.00,15000.00,15000.00,15000.00,local.txt,Cliente General
2025-08-18 20:05:20,20250818200520,Vidrio 5D Xiaomi Redmi Note 10 / Note 10S / Note 11 / Note 12S,1,900.00,10000.00,10000.00,9100.00,local.txt,Cliente General
2025-08-18 20:05:20,20250818200520,Forro Antichoque Xiaomi Redmi Note 11 Caballero,1,3500.00,15000.00,15000.00,11500.00,local.txt,Cliente General
2025-08-18 20:15:09,20250818201509,Consola Game Stick,1,40000.00,10000.00,10000.00,-30000.00,local.txt,Cliente General
2025-08-18 20:16:57,20250818201657,Pilas Carbon Gp 9V,1,2800.00,7000.00,7000.00,4200.00,local.txt,Cliente General
2025-08-18 20:17:42,20250818201742,Vidrio 5D Oppo A38,1,900.00,10000.00,10000.00,9100.00,local.txt,Cliente General
2025-08-18 20:18:47,20250818201847,Adaptador Union Lan,1,500.00,5000.00,5000.00,4500.00,local.txt,Cliente General
2025-08-18 20:19:49,20250818201949,Hydrogel Oppo Realme C75,1,4000.00,20000.00,20000.00,16000.00,local.txt,Cliente General
2025-08-18 20:42:43,20250818204243,Vidrio Blindado Tecno Spark Go 2025,1,1600.00,20000.00,20000.00,18400.00,local.txt,Cliente General
2025-08-18 20:43:32,20250818204332,Servicio Tecnico Xiaomi Pin De Carga Redmi 12C,1,0.00,25000.00,25000.00,25000.00,local.txt,Cliente General
2025-08-18 20:43:59,20250818204359,Manos Libres Samsung Akg,1,3300.00,15000.00,15000.00,11700.00,local.txt,Cliente General
2025-08-18 20:44:58,20250818204458,Servicio Tecnico Samsung Ajustar Bateria y Conexiones A03,1,0.00,10000.00,10000.00,10000.00,local.txt,Cliente General
2025-08-18 20:46:10,20250818204610,Pilas Carbon Maxday Aaa X2,2,600.00,3000.00,6000.00,4800.00,local.txt,Cliente General
2025-08-18 20:46:10,20250818204610,Adaptador Union Lan,1,500.00,5000.00,5000.00,4500.00,local.txt,Cliente General
2025-08-18 20:47:28,20250818204728,Forro Space Samsung S22,1,3500.00,20000.00,20000.00,16500.00,local.txt,Cliente General
2025-08-18 20:51:43,20250818205143,Vidrio Antiespia Tecno Spark 20 Pro,1,1600.00,20000.00,20000.00,18400.00,local.txt,Cliente General
2025-08-18 20:53:02,20250818205302,Control Universal Roku,1,11000.00,39000.00,39000.00,28000.00,local.txt,Cliente General
2025-08-18 20:56:27,20250818205627,Pacha Motorola Moto G8 Plus,1,40000.00,100000.00,100000.00,60000.00,local.txt,Cliente General
2025-08-18 20:56:27,20250818205627,Tapa Motorola Moto G8 Plus,1,10000.00,30000.00,30000.00,20000.00,local.txt,Cliente General
2025-08-18 20:56:27,20250818205627,Visor Camara Motorola Moto G8 Plus,1,20000.00,20000.00,20000.00,0.00,local.txt,Cliente General
2025-08-18 20:58:43,20250818205843,Recargas,1,15094.00,16000.00,16000.00,906.00,local.txt,Cliente General
2025-08-18 21:30:33,20250818213033,Forro Space Samsung A14 Vinotinto,1,5000.00,22000.00,22000.00,17000.00,local.txt,Cliente General
2025-08-18 21:30:33,20250818213033,Llaveros Pegar,1,3000.00,10000.00,10000.00,7000.00,local.txt,Cliente General
2025-08-18 21:30:33,20250818213033,Forro Antichoque Cadena Xiaomi Redmi 12,1,6000.00,20000.00,20000.00,14000.00,local.txt,Cliente General
2025-08-19 14:35:37,20250819143537,Parlante Vintage,1,28000.00,69000.00,69000.00,41000.00,local.txt,Cliente General
2025-08-19 14:37:43,20250819143743,Pacha Xiaomi Redmi 10,1,42000.00,90000.00,90000.00,48000.00,local.txt,Cliente General
2025-08-19 14:37:43,20250819143743,Vidrio 5D Xiaomi Redmi 10,1,900.00,5000.00,5000.00,4100.00,local.txt,Cliente General
2025-08-19 14:40:23,20250819144023,Forro Antichoque Tecno Spark Go 2024 / 20 / 20C / Pop8 Dama,1,3500.00,15000.00,15000.00,11500.00,local.txt,Cliente General
2025-08-19 15:26:41,20250819152641,Forro Antichoque Motorola Moto E20 Dama,1,3500.00,15000.00,15000.00,11500.00,local.txt,Cliente General
2025-08-19 15:26:41,20250819152641,Vidrio 5D Motorola Moto G20 / G30,1,900.00,10000.00,10000.00,9100.00,local.txt,Cliente General
2025-08-19 15:28:03,20250819152803,Adifonos Bluetooth Pro 5S,1,18000.00,50000.00,50000.00,32000.00,local.txt,Cliente General
2025-08-19 15:46:47,20250819154647,Guantes Gamer,1,2000.00,10000.00,10000.00,8000.00,local.txt,Cliente General
2025-08-19 16:26:07,20250819162607,Forro Antichoque Tecno Spark Go 2024 / 20 / 20C / Pop8 Dama,1,3500.00,15000.00,15000.00,11500.00,local.txt,Cliente General
2025-08-19 16:26:07,20250819162607,Vidrio Blindado Tecno Spark Go 2024 / 20 / 20C / Pop8,1,1600.00,20000.00,20000.00,18400.00,local.txt,Cliente General
2025-08-19 16:43:35,20250819164335,Recargas,1,4717.00,5000.00,5000.00,283.00,local.txt,Cliente General
2025-08-19 17:00:24,20250819170024,Pacha Xiaomi Redmi 12,1,42000.00,100000.00,100000.00,58000.00,local.txt,Cliente General
2025-08-19 18:33:41,20250819183341,Recargas,1,4245.00,4500.00,4500.00,255.00,local.txt,Cliente General
2025-08-19 18:36:02,20250819183602,Recargas,1,4245.00,4500.00,4500.00,255.00,local.txt,Cliente General
2025-08-19 18:37:06,20250819183706,Conector Antena Parlante,1,500.00,10000.00,10000.00,9500.00,local.txt,Cliente General
2025-08-19 18:49:06,20250819184906,Vidrio 5D Apple Iphone 13 / 13Pro,1,900.00,10000.00,10000.00,9100.00,local.txt,Carlos Ruiz
2025-08-19 18:49:40,20250819184940,Vidrio 5D Xiaomi Redmi 12,1,900.00,5000.00,5000.00,4100.00,local.txt,Cliente General
2025-08-19 19:47:45,20250819194745,Memoria Kingstone Usb 4Gb,1,6500.00,15000.00,15000.00,8500.00,local.txt,Cliente General
2025-08-19 19:49:28,20250819194928,Recargas,1,18868.00,20000.00,20000.00,1132.00,local.txt,Cliente General
2025-08-19 20:10:34,20250819201034,Memoria Kingston Usb 32Gb Original,1,20000.00,42000.00,42000.00,22000.00,local.txt,Cliente General
2025-08-19 20:14:53,20250819201453,Recargas,1,13208.00,14000.00,14000.00,792.00,local.txt,Cliente General
2025-08-19 20:15:31,20250819201531,Recargas,1,7075.00,7500.00,7500.00,425.00,local.txt,Cliente General
2025-08-19 21:22:41,20250819212241,Pacha Tecno - Infinix Spark 10 Pro / Pova 5 / Hot 30 / Note 30,1,45000.00,100000.00,100000.00,55000.00,local.txt,Cliente General
2025-08-19 21:22:41,20250819212241,Vidrio 5D Tecno Spark 10 Pro,1,900.00,5000.00,5000.00,4100.00,local.txt,Cliente General
2025-08-19 21:24:01,20250819212401,Hydrogel Iphone 12 Pro Max,1,4000.00,20000.00,20000.00,16000.00,local.txt,Cliente General
2025-08-19 21:24:01,20250819212401,Forro Lujo Apple Iphone 11,1,12000.00,30000.00,30000.00,18000.00,local.txt,Cliente General
2025-08-19 21:24:53,20250819212453,Pin Netflix,1,19500.00,20000.00,20000.00,500.00,local.txt,Carlos Ruiz
2025-08-19 21:29:21,20250819212921,Recargas,1,4245.00,4500.00,4500.00,255.00,local.txt,Cliente General
2025-08-20 14:33:01,20250820143301,Adaptador Tarjeta Audio 7.1,1,7000.00,15000.00,15000.00,8000.00,local.txt,Cliente General
2025-08-20 15:09:24,20250820150924,Cable V3 Eco,1,1500.00,5000.00,5000.00,3500.00,local.txt,Cliente General
2025-08-20 15:09:40,20250820150940,Simcard Claro,1,0.00,5000.00,5000.00,5000.00,local.txt,Cliente General
2025-08-20 15:13:10,20250820151310,Adaptador Europeo Goma,1,2000.00,6000.00,6000.00,4000.00,local.txt,Cliente General
2025-08-20 19:37:43,20250820193743,Soporte Nephoo Tripode Camara-Celular Np-999,1,15000.00,32000.00,32000.00,17000.00,local.txt,Cliente General
2025-08-20 19:38:36,20250820193836,Silicone Case Tecno Spark Go 2024 / 20 / 20C / Pop8 Fucsia,1,7000.00,20000.00,20000.00,13000.00,local.txt,Cliente General
2025-08-20 19:38:36,20250820193836,Vidrio 5D Xiaomi Redmi Note 10 / Note 10S / Note 11 / Note 12S,1,900.00,10000.00,10000.00,9100.00,local.txt,Cliente General
2025-08-20 19:39:47,20250820193947,Servicio Tecnico Huawei Pin de Carga Y9 2019,1,0.00,25000.00,25000.00,25000.00,local.txt,Cliente General
2025-08-20 19:44:14,20250820194414,Adaptador Usb Sata 3.0 Usb,1,15000.00,35000.00,35000.00,20000.00,local.txt,Cliente General
2025-08-20 19:44:41,20250820194441,Cargador We Tc 33W,1,8500.00,35000.00,35000.00,26500.00,local.txt,Cliente General
2025-08-20 19:45:31,20250820194531,Cargador Smartwatch Magnetico,1,12000.00,20000.00,20000.00,8000.00,local.txt,Cliente General
2025-08-20 19:46:48,20250820194648,Forro Armadura Samsung A13 Negro,1,6000.00,20000.00,20000.00,14000.00,local.txt,Cliente General
2025-08-20 19:46:48,20250820194648,Vidrio 5D Samsung A12,1,900.00,10000.00,10000.00,9100.00,local.txt,Cliente General
2025-08-20 19:47:26,20250820194726,Recargas,1,19811.00,21000.00,21000.00,1189.00,local.txt,Cliente General
2025-08-20 20:27:01,20250820202701,Manos Libres Tc Oczu Oz-F17 Verdemilitar,1,4000.00,25000.00,25000.00,21000.00,local.txt,Cliente General
2025-08-20 20:28:04,20250820202804,Servicio Tecnico Xiaomi Cuenta Mi Redmi Note 8 Unlocktool 2,1,0.00,50000.00,50000.00,50000.00,local.txt,Cliente General
